code,name,catalog
5.51.01.0001001,A01 ZABIEGI WEWNĄTRZCZASZKOWE Z POWODU POWAŻNEGO URAZU *,1a
5.51.01.0001002,A02 ZABIEGI WEWNĄTRZCZASZKOWE Z POWODU URAZU *,1a
5.51.01.0001003,A03 WSZCZEPIENIE STYMULATORA STRUKTUR GŁĘBOKICH MÓZGU/STYMULATORA NERWU BŁĘDNEGO *,1a
5.51.01.0001004,A04 WSZCZEPIENIE/WYMIANA STYMULATORA RDZENIA KRĘGOWEGO LUB WYMIANA GENERATORA DO STYMULACJI STRUKTUR GŁĘBOKICH MÓZGU *,1a
5.51.01.0001011,A11 KOMPLEKSOWE ZABIEGI WEWNĄTRZCZASZKOWE *,1a
5.51.01.0001012,A12 DUŻE ZABIEGI WEWNĄTRZCZASZKOWE *,1a
5.51.01.0001013,A13 ŚREDNIE ZABIEGI WEWNĄTRZCZASZKOWE *,1a
5.51.01.0001014,A14 MAŁE ZABIEGI WEWNĄTRZCZASZKOWE *,1a
5.51.01.0001022,A22 DUŻE ZABIEGI NA RDZENIU KRĘGOWYM I W KANALE KRĘGOWYM *,1a
5.51.01.0001023,A23 ŚREDNIE ZABIEGI NA RDZENIU KRĘGOWYM I W KANALE KRĘGOWYM *,1a
5.51.01.0001024,A24 MAŁE ZABIEGI NA RDZENIU KRĘGOWYM I W KANALE KRĘGOWYM *,1a
5.51.01.0001025,A25 ZABIEGI NA NERWACH OBWODOWYCH *,1a
5.51.01.0001026,A26 ZABIEGI ZWALCZAJĄCE BÓL I NA UKŁADZIE WSPÓŁCZULNYM *,1a
5.51.01.0001027,A27 INNE ZABIEGI NA RDZENIU KRĘGOWYM I W KANALE KRĘGOWYM *,1a
5.51.01.0001030,A30 KOMPLEKSOWA DIAGNOSTYKA POLINEUROPATII I CHORÓB MIĘŚNI,1a
5.51.01.0001031,A31 CHOROBY NERWÓW OBWODOWYCH,1a
5.51.01.0001032,A32 CHOROBY MIĘŚNI,1a
5.51.01.0001090,A32E CHOROBY MIĘŚNI > 65 R.Ż.,1a
5.51.01.0001091,A32F CHOROBY MIĘŚNI < 66 R.Ż.,1a
5.51.01.0001033,A33 ZABURZENIA RÓWNOWAGI,1a
5.51.01.0001034,A34 GUZY MÓZGU,1a
5.51.01.0001037,A34C GUZY MÓZGU I RDZENIA KRĘGOWEGO,1a
5.51.01.0001038,A34D GUZY MÓZGU I RDZENIA KRĘGOWEGO>3 DNI,1a
5.51.01.0001035,A35 CHOROBY ZWYRODNIENIOWE OUN,1a
5.51.01.0001039,A35C CHOROBY ZWYRODNIENIOWE OUN,1a
5.51.01.0001040,A35D CHOROBY ZWYRODNIENIOWE OUN>3 DNI,1a
5.51.01.0001036,A36 CHOROBY DEMIELINIZACYJNE,1a
5.51.01.0001045,A45 CHOROBY NACZYŃ MÓZGOWYCH - LECZENIE ZACHOWAWCZE,1a
5.51.01.0001046,A46 PRZEMIJAJĄCE NIEDOKRWIENIE MÓZGU,1a
5.51.01.0001047,A47 PRZEMIJAJĄCE NIEDOKRWIENIE MÓZGU - ROZSZERZONA DIAGNOSTYKA,1a
5.51.01.0001048,A48 KOMPLEKSOWE LECZENIE UDARÓW MÓZGU > 7 DNI W ODDZIALE UDAROWYM,1a
5.51.01.0001049,A49 UDAR MÓZGU - LECZENIE > 3 DNI,1a
5.51.01.0001050,A50 UDAR MÓZGU - LECZENIE,1a
5.51.01.0001051,A51 UDAR MÓZGU - LECZENIE TROMBOLITYCZNE > 7 DNI W ODDZIALE UDAROWYM,1a
5.51.01.0001056,A56 CHOROBY NERWÓW CZASZKOWYCH,1a
5.51.01.0001057,A57 CHOROBY ZAPALNE UKŁADU NERWOWEGO,1a
5.51.01.0001058,A58 ENCEFALOPATIA,1a
5.51.01.0001059,A59 BÓLE GŁOWY,1a
5.51.01.0001066,A66 PADACZKA - DIAGNOSTYKA I LECZENIE,1a
5.51.01.0001067,A67 PADACZKA - DIAGNOSTYKA I LECZENIE > 3 DNI,1a
5.51.01.0001076,A76 URAZY GŁOWY Z ISTOTNYM USZKODZENIEM MÓZGU LECZONE ZACHOWAWCZO,1a
5.51.01.0001077,A77 URAZY GŁOWY BEZ ISTOTNEGO USZKODZENIA MÓZGU LECZONE ZACHOWAWCZO,1a
5.51.01.0001086,A86 CHOROBY NEURONU RUCHOWEGO,1a
5.51.01.0001087,A87 INNE CHOROBY UKŁADU NERWOWEGO,1a
5.51.01.0001088,A87A INNE CHOROBY UKŁADU NERWOWEGO>17 R.Ż.,1a
5.51.01.0001089,A87B INNE CHOROBY UKŁADU NERWOWEGO<18 R.Ż.,1a
5.51.01.0002001,B01 LECZENIE WYSIĘKOWEJ POSTACI AMD WERTEPORFINĄ PRZY ZASTOSOWANIU TERAPII FOTODYNAMICZNEJ,1a
5.51.01.0002002,B02 LECZENIE WYSIĘKOWEJ POSTACI AMD Z ZASTOSOWANIEM INIEKCJI DOSZKLISTKOWYCH PRZECIWCIAŁA MONOKLONALNEGO ANTY-VEGF/ REKOMBINOWANEGO BIAŁKA FUZYJNEGO,1a
5.51.01.0002003,B03 LECZENIE WERTEPORFINĄ PRZY ZASTOSOWANIU TERAPII FOTODYNAMICZNEJ,1a
5.51.01.0002004,B04 PRZESZCZEP ROGÓWKI - KATEGORIA I *,1a
5.51.01.0002005,B05 PRZESZCZEP ROGÓWKI - KATEGORIA II *,1a
5.51.01.0002006,B06 PRZESZCZEP ROGÓWKI - KATEGORIA III *,1a
5.51.01.0002011,B11 KOMPLEKSOWE ZABIEGI W ZAĆMIE I JASKRZE *,1a
5.51.01.0002012,B12 USUNIĘCIE ZAĆMY POWIKŁANEJ METODĄ EMULSYFIKACJI Z JEDNOCZESNYM WSZCZEPIENIEM SOCZEWKI,1a
5.51.01.0002013,B13 USUNIĘCIE ZAĆMY NIEPOWIKŁANEJ METODĄ EMULSYFIKACJI Z JEDNOCZESNYM WSZCZEPIENIEM SOCZEWKI,1a
5.51.01.0002014,B14 USUNIĘCIE ZAĆMY POWIKŁANEJ METODAMI INNYMI NIŻ EMULSYFIKACJA Z JEDNOCZESNYM WSZCZEPIENIEM SOCZEWKI,1a
5.51.01.0002015,B15 USUNIĘCIE ZAĆMY NIEPOWIKŁANEJ METODAMI INNYMI NIŻ EMULSYFIKACJA Z JEDNOCZESNYM WSZCZEPIENIEM SOCZEWKI,1a
5.51.01.0002016,"B16 ZABIEGI Z WYKONANIEM WITREKTOMII Z UŻYCIEM OLEJU SILIKONOWEGO LUB DEKALINY, W TYM WIELOPROCEDURALNE *",1a
5.51.01.0002095,"B16G ZABIEGI Z WYKONANIEM FAKOWITREKTOMII Z UŻYCIEM OLEJU SILIKONOWEGO LUB DEKALINY, W TYM WIELOPROCEDURALNE *",1a
5.51.01.0002017,"B17 ZABIEGI Z WYKONANIEM WITREKTOMII, W TYM WIELOPROCEDURALNE *",1a
5.51.01.0002093,"B17G ZABIEGI Z WYKONANIEM FAKOWITREKTOMII, W TYM WIELOPROCEDURALNE *",1a
5.51.01.0002018,B18 USUNIĘCIE ZAĆMY POWIKŁANEJ Z JEDNOCZESNYM WSZCZEPIENIEM SOCZEWKI,1a
5.51.01.0002101,B18G USUNIĘCIE ZAĆMY - KATEGORIA I *,1a
5.51.01.0002019,B19 USUNIĘCIE ZAĆMY NIEPOWIKŁANEJ Z JEDNOCZESNYM WSZCZEPIENIEM SOCZEWKI,1a
5.51.01.0002102,B19G USUNIĘCIE ZAĆMY - KATEGORIA II *,1a
5.51.01.0002023,B23 ŚREDNIE ZABIEGI NA SOCZEWCE *,1a
5.51.01.0002024,B24 MAŁE ZABIEGI NA SOCZEWCE,1a
5.51.01.0002025,B25 WSZCZEPIENIE WTÓRNE SOCZEWKI *,1a
5.51.01.0002031,B31 DUŻE REKONSTRUKCJE NA APARACIE OCHRONNYM OKA *,1a
5.51.01.0002032,B32 DUŻE ZABIEGI NA APARACIE OCHRONNYM OKA *,1a
5.51.01.0002033,B33 ŚREDNIE ZABIEGI NA APARACIE OCHRONNYM OKA *,1a
5.51.01.0002034,B34 MAŁE ZABIEGI NA APARACIE OCHRONNYM OKA,1a
5.51.01.0002042,B42 DUŻE ZABIEGI NA OCZODOLE I APARACIE ŁZOWYM *,1a
5.51.01.0002043,B43 ŚREDNIE ZABIEGI NA OCZODOLE I APARACIE ŁZOWYM *,1a
5.51.01.0002044,B44 MAŁE ZABIEGI NA OCZODOLE I APARACIE ŁZOWYM,1a
5.51.01.0002052,B52 DUŻE ZABIEGI NA ROGÓWCE I TWARDÓWCE *,1a
5.51.01.0002053,B53 ŚREDNIE ZABIEGI NA ROGÓWCE I TWARDÓWCE *,1a
5.51.01.0002063,B63 ZABIEGI W ZAKRESIE MIĘŚNI OKORUCHOWYCH *,1a
5.51.01.0002072,B72 DUŻE ZABIEGI W JASKRZE I NA NACZYNIÓWCE *,1a
5.51.01.0002073,B73 ŚREDNIE ZABIEGI W JASKRZE I NA NACZYNIÓWCE *,1a
5.51.01.0002074,B74 MAŁE ZABIEGI W JASKRZE I NA NACZYNIÓWCE *,1a
5.51.01.0002081,B81 DUŻE ZABIEGI NA SIATKÓWCE *,1a
5.51.01.0002082,B82 DUŻE ZABIEGI NA CIELE SZKLISTYM,1a
5.51.01.0002083,B83 ŚREDNIE ZABIEGI WITREORETINALNE *,1a
5.51.01.0002084,B84 MAŁE ZABIEGI WITREORETINALNE *,1a
5.51.01.0002094,B94 INNE PROCEDURY W ZAKRESIE OKA *,1a
5.51.01.0002096,B96 LECZENIE ZACHOWAWCZE OKULISTYCZNE Z CZASEM POBYTU > 1 DNIA,1a
5.51.01.0002097,B97 LECZENIE ZACHOWAWCZE OKULISTYCZNE Z CZASEM POBYTU < 2 DNI,1a
5.51.01.0002098,B98 LECZENIE ZACHOWAWCZE OKULISTYCZNE,1a
5.51.01.0002099,B98A LECZENIE ZACHOWAWCZE OKULISTYCZNE > 17 R.Ż.,1a
5.51.01.0002100,B98B LECZENIE ZACHOWAWCZE OKULISTYCZNE < 18 R.Ż.,1a
5.51.01.0003001,"C01 ROZLEGŁE OPERACJE NOWOTWORÓW JAMY USTNEJ, GARDŁA I KRTANI Z REKONSTRUKCJĄ *",1a
5.51.01.0003005,C05 LECZENIE ZABURZEŃ SŁUCHU ZA POMOCĄ IMPLANTÓW ŚLIMAKOWYCH I PNIOWYCH *,1a
5.51.01.0003065,C05G LECZENIE ZABURZEŃ SŁUCHU ZA POMOCĄ IMPLANTÓW ŚLIMAKOWYCH *,1a
5.51.01.0003006,C06 LECZENIE ZABURZEŃ SŁUCHU ZA POMOCĄ INNYCH WSZCZEPIALNYCH ELEKTRONICZNYCH PROTEZ SŁUCHU *,1a
5.51.01.0003067,C06G LECZENIE ZABURZEŃ SŁUCHU ZA POMOCĄ IMPLANTÓW UCHA ŚRODKOWEGO *,1a
5.51.01.0003068,C06H LECZENIE ZABURZEŃ SŁUCHU ZA POMOCĄ INNYCH WSZCZEPIALNYCH ELEKTRONICZNYCH PROTEZ SŁUCHU *,1a
5.51.01.0003007,C07 WYMIANA PROCESORA MOWY,1a
5.51.01.0003069,C07G WYMIANA PROCESORA MOWY IMPLANTÓW ŚLIMAKOWYCH I DO PNIA MÓZGU *,1a
5.51.01.0003070,C07H WYMIANA PROCESORA MOWY IMPLANTÓW UCHA ŚRODKOWEGO *,1a
5.51.01.0003071,C07I WYMIANA PRZETWORNIKA MOWY IMPLANTÓW NA PRZEWODNICTWO KOSTNE *,1a
5.51.01.0003011,"C11 KOMPLEKSOWE ZABIEGI JAMY USTNEJ, GARDŁA I KRTANI *",1a
5.51.01.0003012,"C12 DUŻE ZABIEGI JAMY USTNEJ, GARDŁA I KRTANI *",1a
5.51.01.0003013,"C13 ŚREDNIE ZABIEGI JAMY USTNEJ, GARDŁA I KRTANI < 18 R.Ż.",1a
5.51.01.0003016,"C14 ŚREDNIE ZABIEGI JAMY USTNEJ, GARDŁA I KRTANI",1a
5.51.01.0003014,"C14 ŚREDNIE ZABIEGI JAMY USTNEJ, GARDŁA I KRTANI > 17 R.Ż.",1a
5.51.01.0003015,"C15 MAŁE ZABIEGI JAMY USTNEJ, GARDŁA I KRTANI *",1a
5.51.01.0003021,C21 KOMPLEKSOWE ZABIEGI SZCZĘKOWO-TWARZOWE *,1a
5.51.01.0003072,C21E KOMPLEKSOWE ZABIEGI SZCZĘKOWO-TWARZOWE > 65 R.Ż. *,1a
5.51.01.0003073,C21F KOMPLEKSOWE ZABIEGI SZCZĘKOWO-TWARZOWE < 66 R.Ż. *,1a
5.51.01.0003022,C22 DUŻE ZABIEGI SZCZĘKOWO-TWARZOWE *,1a
5.51.01.0003023,C23 ŚREDNIE ZABIEGI SZCZĘKOWO-TWARZOWE *,1a
5.51.01.0003024,C24 MAŁE ZABIEGI SZCZĘKOWO-TWARZOWE *,1a
5.51.01.0003025,"C25 ROZLEGŁE ZABIEGI KOREKCYJNE WAD WRODZONYCH TWARZOCZASZKI, JAMY USTNEJ I GARDŁA < 18 R.Ż *",1a
5.51.01.0003026,"C26 KOMPLEKSOWE ZABIEGI KOREKCYJNE WAD WRODZONYCH TWARZOCZASZKI, JAMY USTNEJ I GARDŁA < 18 R.Ż *",1a
5.51.01.0003027,"C27 DUŻE ZABIEGI KOREKCYJNE WAD WRODZONYCH TWARZOCZASZKI, JAMY USTNEJ I GARDŁA < 18 R.Ż *",1a
5.51.01.0003028,"C28 ŚREDNIE ZABIEGI KOREKCYJNE WAD WRODZONYCH TWARZOCZASZKI, JAMY USTNEJ I GARDŁA < 18 R.Ż *",1a
5.51.01.0003029,"C29 MAŁE ZABIEGI KOREKCYJNE WAD WRODZONYCH TWARZOCZASZKI, JAMY USTNEJ I GARDŁA < 18 R.Ż *",1a
5.51.01.0003031,C31 KOMPLEKSOWE ZABIEGI USZU *,1a
5.51.01.0003032,C32 DUŻE ZABIEGI USZU *,1a
5.51.01.0003033,C33 ŚREDNIE ZABIEGI USZU *,1a
5.51.01.0003034,C34 MAŁE ZABIEGI USZU *,1a
5.51.01.0003041,C41 KOMPLEKSOWE ZABIEGI NOSA *,1a
5.51.01.0003042,C42 DUŻE ZABIEGI NOSA *,1a
5.51.01.0003043,C43 ŚREDNIE ZABIEGI NOSA *,1a
5.51.01.0003044,C44 MAŁE ZABIEGI NOSA *,1a
5.51.01.0003045,C45 DUŻE ZABIEGI ENDOSKOPOWE < 18 R.Ż.,1a
5.51.01.0003046,C46 ŚREDNIE ZABIEGI ENDOSKOPOWE < 18 R.Ż.,1a
5.51.01.0003048,C48 OSTRE ZAPALENIE ZATOK PRZYNOSOWYCH < 18 R.Ż Z PW,1a
5.51.01.0003056,"C56 POWAŻNE CHOROBY GARDŁA, USZU I NOSA",1a
5.51.01.0003058,"C56A POWAŻNE CHOROBY GARDŁA, USZU I NOSA >17 R.Ż.",1a
5.51.01.0003059,"C56B POWAŻNE CHOROBY GARDŁA, USZU I NOSA < 18 R.Ż.",1a
5.51.01.0003057,"C57 INNE CHOROBY GARDŁA, USZU I NOSA",1a
5.51.01.0003064,"C64 INNE PROCEDURY JAMY USTNEJ, GARDŁA, KRTANI, NOSA I USZU *",1a
5.51.01.0004001,D01 ZŁOŻONE ZABIEGI KLATKI PIERSIOWEJ *,1a
5.51.01.0004002,D02 KOMPLEKSOWE ZABIEGI KLATKI PIERSIOWEJ *,1a
5.51.01.0004003,D03 DUŻE ZABIEGI KLATKI PIERSIOWEJ *,1a
5.51.01.0004004,D04 ŚREDNIE I MAŁE ZABIEGI KLATKI PIERSIOWEJ,1a
5.51.01.0004005,D05 BRONCHOSKOPIA *,1a
5.51.01.0004006,D06 ŚREDNIE ZABIEGI KLATKI PIERSIOWEJ *,1a
5.51.01.0004007,D07 MAŁE ZABIEGI KLATKI PIERSIOWEJ *,1a
5.51.01.0004010,D10 DYCHAWICA OSKRZELOWA,1a
5.51.01.0004059,D10E DYCHAWICA OSKRZELOWA > 65 R.Ż.,1a
5.51.01.0004060,D10F DYCHAWICA OSKRZELOWA < 66 R.Ż.,1a
5.51.01.0004016,D16 ZATOR PŁUCNY,1a
5.51.01.0004017,"D17 ROPIEŃ PŁUC, ROPOWICA",1a
5.51.01.0004018,"D18 ZAPALENIE PŁUC NIETYPOWE, WIRUSOWE",1a
5.51.01.0004019,D19 ROZSTRZENIE OSKRZELI,1a
5.51.01.0004020,D20 GRUŹLICA,1a
5.51.01.0004021,D21 ZWŁÓKNIENIE TORBIELOWATE,1a
5.51.01.0004026,D26 WYSIĘKOWE ZAPALENIE OPŁUCNEJ,1a
5.51.01.0004028,D28 CHOROBY NOWOTWOROWE UKŁADU ODDECHOWEGO I KLATKI PIERSIOWEJ,1a
5.51.01.0004036,D36 ZABURZENIA ODDYCHANIA W CZASIE SNU,1a
5.51.01.0004037,D37 INNE CHOROBY UKŁADU ODDECHOWEGO,1a
5.51.01.0004061,D37E INNE CHOROBY UKŁADU ODDECHOWEGO > 65 R.Ż.,1a
5.51.01.0004062,D37F INNE CHOROBY UKŁADU ODDECHOWEGO < 66 R.Ż.,1a
5.51.01.0004038,D38 OBRZĘK PŁUC,1a
5.51.01.0004045,D45 LECZENIE NIEWYDOLNOŚCI ODDYCHANIA PRZY ZASTOSOWANIU NIEINWAZYJNEJ WENTYLACJI MECHANICZNEJ (NWM) >17R.Ż.,1a
5.51.01.0004046,D46 POCHP I INNE OBTURACYJNE CHOROBY UKŁADU ODDECHOWEGO,1a
5.51.01.0004047,D47 ZAPALENIE PŁUC Z PW,1a
5.51.01.0004048,D48 ZAPALENIE PŁUC BEZ PW,1a
5.51.01.0004049,D49 USZKODZENIA INHALACYJNE PŁUC,1a
5.51.01.0004050,D50 ZWŁÓKNIENIE I PYLICA PŁUC,1a
5.51.01.0004051,D51 ODMA OPŁUCNOWA,1a
5.51.01.0004052,D52 NIEWYDOLNOŚĆ ODDECHOWA,1a
5.51.01.0004053,D53 NADCIŚNIENIE PŁUCNE > 17 R.Ż.,1a
5.51.01.0004054,D54 ZAPALENIE OPŁUCNEJ,1a
5.51.01.0004055,"D55 ZIARNINIAKI, CHOROBY PŁUC ALERGICZNE I Z AUTOIMMUNIZACJI",1a
5.51.01.0004056,D56 CIĘŻKIE WADY ROZWOJOWE < 18 R.Ż,1a
5.51.01.0005002,E02 INNE ZABIEGI KARDIOCHIRURGICZNE > 17 R.Ż. *,1a
5.51.01.0005003,E03 INNE ZABIEGI KARDIOCHIRURGICZNE < 18 R.Ż.,1a
5.51.01.0005004,E04 POMOSTOWANIE NACZYŃ WIEŃCOWYCH Z PLASTYKĄ *,1a
5.51.01.0005005,E05 POMOSTOWANIE NACZYŃ WIEŃCOWYCH > 69 R.Ż. LUB Z PW *,1a
5.51.01.0005006,E06 POMOSTOWANIE NACZYŃ WIEŃCOWYCH < 70 R.Ż. BEZ PW *,1a
5.51.01.0005007,E07 POMOSTOWANIE NACZYŃ WIEŃCOWYCH >75 R.Ż. I > 16 DNI *,1a
5.51.01.0005010,E10 OZW - DIAGNOSTYKA INWAZYJNA *,1a
5.51.01.0005011,E11 OZW - LECZENIE INWAZYJNE DWUETAPOWE > 3 DNI *,1a
5.51.01.0005012,E12 OZW - LECZENIE INWAZYJNE ZŁOŻONE *,1a
5.51.01.0005090,E12G OZW - LECZENIE INWAZYJNE *,1a
5.51.01.0005013,E13 OZW - LECZENIE INWAZYJNE > 3 DNI *,1a
5.51.01.0005014,E14 OZW - LECZENIE INWAZYJNE < 4 DNI *,1a
5.51.01.0005015,E15 OZW - LECZENIE INWAZYJNE > 7 DNI Z PW *,1a
5.51.01.0005016,E16 OZW > 69 R.Ż. LUB Z PW,1a
5.51.01.0005017,E17 OZW < 70 R.Ż.,1a
5.51.01.0005091,E17G OZW - LECZENIE ZACHOWAWCZE,1a
5.51.01.0005018,E18 OZW BEZ UNIESIENIA ST,1a
5.51.01.0005019,E19 OZW - LECZENIE Z ZASTOSOWANIEM LEKU TROMBOLITYCZNEGO DRUGIEJ/ TRZECIEJ GENERACJI,1a
5.51.01.0005020,E20 ANGIOPLASTYKA WIEŃCOWA Z IMPLANTACJĄ NIE MNIEJ NIŻ 2 STENTÓW DES,1a
5.51.01.0005021,E21 PRZEZSKÓRNE ZAMKNIĘCIE NIEPRAWIDŁOWYCH POŁĄCZEŃ WEWNĄTRZSERCOWYCH I ZEWNĄTRZSERCOWYCH > 17 R.Ż. *,1a
5.51.01.0005022,E22 PRZEZSKÓRNE WALWULOPLASTYKI > 17 R.Ż.*,1a
5.51.01.0005095,E22E PRZEZSKÓRNE WALWULOPLASTYKI > 65 R.Ż. *,1a
5.51.01.0005096,E22F PRZEZSKÓRNE WALWULOPLASTYKI > 17 R.Ż. I < 66 R.Ż. *,1a
5.51.01.0005023,E23 ANGIOPLASTYKA WIEŃCOWA Z IMPLANTACJĄ JEDNEGO STENTU DES,1a
5.51.01.0005092,E23G ANGIOPLASTYKA WIEŃCOWA Z IMPLANTACJĄ JEDNEGO STENTU *,1a
5.51.01.0005024,E24 ANGIOPLASTYKA Z IMPLANTACJĄ NIE MNIEJ NIŻ DWÓCH STENTÓW LUB WIELONACZYNIOWA *,1a
5.51.01.0005093,E24G ANGIOPLASTYKA WIEŃCOWA Z IMPLANTACJĄ NIE MNIEJ NIŻ 2 STENTÓW LUB WIELONACZYNIOWA *,1a
5.51.01.0005025,E25 ANGIOPLASTYKA Z ZASTOSOWANIEM JEDNEGO STENTU I INNE ZABIEGI *,1a
5.51.01.0005026,E26 ANGIOPLASTYKA WIEŃCOWA BALONOWA *,1a
5.51.01.0005027,E27 KORONAROGRAFIA I INNE ZABIEGI INWAZYJNE *,1a
5.51.01.0005028,E28 ZABIEGI DIAGNOSTYCZNE SERCA < 18 R.Ż.*,1a
5.51.01.0005029,E29 ANGIOPLASTYKA WIEŃCOWA BALONOWA (DEB) *,1a
5.51.01.0005031,E31 WSZCZEPIENIE/ WYMIANA ROZRUSZNIKA JEDNOJAMOWEGO *,1a
5.51.01.0005032,E32 WSZCZEPIENIE/ WYMIANA ROZRUSZNIKA DWUJAMOWEGO *,1a
5.51.01.0005033,E33 WSZCZEPIENIE/ WYMIANA UKŁADU Z FUNKCJĄ RESYNCHRONIZUJĄCĄ SERCA (CRT) *,1a
5.51.01.0005034,E34 WSZCZEPIENIE/ WYMIANA KARDIOWERTERA-DEFIBRYLATORA JEDNO-/ DWUJAMOWEGO *,1a
5.51.01.0005035,E35 WSZCZEPIENIE/ WYMIANA KARDIOWERTERA-DEFIBRYLATORA DWUKOMOROWEGO *,1a
5.51.01.0005036,E36 WSZCZEPIENIE/ WYMIANA CRT-D > 17 R.Ż. *,1a
5.51.01.0005037,E37 REPERACJA/ REPOZYCJA/ REWIZJA/ WYMIANA ELEKTRODY/ UKŁADU STYMULUJĄCEGO/ KARDIOWERTERA-DEFIBRYLATORA *,1a
5.51.01.0005099,E37G WYMIANA ELEKTROD DO CAŁKOWITEGO AUTOMATYCZNEGO SYSTEMU DO KARDIOWERSJI LUB DEFIBRYLACJI [ICD)]- JEDNOJAMOWEGO LUB DWUJAMOWEGO,1a
5.51.01.0005100,E37H WYMIANA ELEKTROD DO CAŁKOWITEGO AUTOMATYCZNEGO SYSTEMU DO KARDIOWERSJI LUB DEFIBRYLACJI Z FUNKCJĄ RESYNCHRONIZACJI [CRT-D],1a
5.51.01.0005038,E38 USUNIĘCIE PRZEZŻYLNE ELEKTROD W PRZYPADKU POWIKŁAŃ,1a
5.51.01.0005039,E39 LECZENIE ZABIEGOWE ZABURZEŃ RYTMU < 18 R.Ż.,1a
5.51.01.0005041,E41 ABLACJA ZABURZEŃ RYTMU Z WYKORZYSTANIEM SYSTEMU ELEKTROANATOMICZNEGO 3D *,1a
5.51.01.0005042,E42 ABLACJA ZABURZEŃ RYTMU Z WYKORZYSTANIEM SYSTEMU ELEKTROANATOMICZNEGO,1a
5.51.01.0005043,E43 ABLACJA ZABURZEŃ RYTMU *,1a
5.51.01.0005044,E44 DIAGNOSTYKA INWAZYJNA ZABURZEŃ RYTMU SERCA *,1a
5.51.01.0005045,E45 KRIOABLACJA BALONOWA W MIGOTANIU PRZEDSIONKÓW,1a
5.51.01.0005046,E46 ABLACJA (PROSTA) ZABURZEŃ RYTMU Z WYKORZYSTANIEM SYSTEMU ELEKTROANATOMICZNEGO 3D *,1a
5.51.01.0005047,E47 ABLACJA (ZŁOŻONA) ZABURZEŃ RYTMU Z WYKORZYSTANIEM SYSTEMU ELEKTROANATOMICZNEGO 3D *,1a
5.51.01.0005048,E48 ABLACJA MIGOTANIA PRZEDSIONKÓW - IZOLACJA ŻYŁ PŁUCNYCH *,1a
5.51.01.0005050,E50 OSTRA LUB ZDEKOMPENSOWANA NIEWYDOLNOŚC KRĄŻENIA - LECZENIE W OINK,1a
5.51.01.0005051,E51 ZAPALENIE WSIERDZIA,1a
5.51.01.0005052,E52 ZAAWANSOWANA NIEWYDOLNOŚĆ KRĄŻENIA,1a
5.51.01.0005053,E53 NIEWYDOLNOŚĆ KRĄŻENIA > 69 R.Ż. LUB Z PW,1a
5.51.01.0005094,E53G NIEWYDOLNOŚĆ KRĄŻENIA,1a
5.51.01.0005054,E54 NIEWYDOLNOŚĆ KRĄŻENIA < 70 R.Ż. BEZ PW,1a
5.51.01.0005055,E55 ZAKRZEPICA ŻYŁ GŁĘBOKICH,1a
5.51.01.0005056,E56 CHOROBA NIEDOKRWIENNA SERCA > 69 R.Ż. LUB Z PW,1a
5.51.01.0005057,E57 CHOROBA NIEDOKRWIENNA SERCA > 17 R.Ż. < 70 R.Ż. BEZ PW,1a
5.51.01.0005059,E59 NAGŁE ZATRZYMANIE KRĄŻENIA,1a
5.51.01.0005061,E61 ZABURZENIA RYTMU SERCA > 69 R.Ż. LUB Z PW,1a
5.51.01.0005062,E62 ZABURZENIA RYTMU SERCA > 17 R.Ż. < 70 R.Ż. BEZ PW,1a
5.51.01.0005063,E63 ZABURZENIA RYTMU SERCA < 1 R.Ż. LUB < 18 R.Ż. Z PW,1a
5.51.01.0005064,E64 ZABURZENIA RYTMU SERCA > 0 R.Ż. I < 18 R.Ż.,1a
5.51.01.0005071,E71 OMDLENIE I ZAPAŚĆ,1a
5.51.01.0005072,E72 NIEINWAZYJNA DIAGNOSTYKA BÓLU W KLATCE PIERSIOWEJ > 17 R.Ż.,1a
5.51.01.0005101,E72 NIEINWAZYJNA DIAGNOSTYKA BÓLU W KLATCE PIERSIOWEJ >17 R.Ż.,1a
5.51.01.0005073,E73 CHOROBY ZASTAWEK SERCA > 17 R.Ż.,1a
5.51.01.0005074,E74 WRODZONE WADY SERCA > 17 R.Ż.,1a
5.51.01.0005097,E74E WRODZONE WADY SERCA > 65 R.Ż.,1a
5.51.01.0005098,E74F WRODZONE WADY SERCA > 17 R.Ż. I < 66 R.Ż.,1a
5.51.01.0005075,E75 WRODZONE WADY SERCA < 1 R.Ż. LUB < 18 R.Ż. Z PW,1a
5.51.01.0005076,E76 WRODZONE WADY SERCA > 0 R.Ż. I < 18 R.Ż.,1a
5.51.01.0005077,E77 INNE CHOROBY UKŁADU KRĄŻENIA > 17 R.Ż.,1a
5.51.01.0005078,E78 INNE CHOROBY UKŁADU KRĄŻENIA < 1 R.Ż. ALBO < 18 R.Ż. Z PW,1a
5.51.01.0005079,E79 INNE CHOROBY UKŁADU KRĄŻENIA > 0 R.Ż. I < 18 R.Ż.,1a
5.51.01.0005086,E86 NADCIŚNIENIE TĘTNICZE OPORNE I WTÓRNE,1a
5.51.01.0005087,E87 CIĘŻKIE NADCIŚNIENIE TĘTNICZE > 17 R.Ż.,1a
5.51.01.0005088,E88 NADCIŚNIENIE TĘTNICZE > 17 R.Ż.,1a
5.51.01.0005089,E89 KOMPLEKSOWA DIAGNOSTYKA KARDIOLOGICZNA,1a
5.51.01.0006001,F01 KOMPLEKSOWE ZABIEGI PRZEŁYKU *,1a
5.51.01.0006002,"F02 DUŻE ZABIEGI PRZEŁYKU, W TYM PROTEZOWANIE *",1a
5.51.01.0006003,F03 ŚREDNIE I ENDOSKOPOWE ZABIEGI PRZEŁYKU *,1a
5.51.01.0006004,F04 DIAGNOSTYCZNE I MAŁE  ZABIEGI PRZEWODU POKARMOWEGO *,1a
5.51.01.0006007,F07 CHOROBY PRZEŁYKU,1a
5.51.01.0006109,F07E CHOROBY PRZEŁYKU > 65 R.Ż.,1a
5.51.01.0006110,F07F CHOROBY PRZEŁYKU < 66 R.Ż.,1a
5.51.01.0006011,F11 KOMPLEKSOWE ZABIEGI ŻOŁĄDKA I DWUNASTNICY *,1a
5.51.01.0006097,F11E KOMPLEKSOWE ZABIEGI ŻOŁĄDKA I DWUNASTNICY > 65 R.Ż. *,1a
5.51.01.0006098,F11F KOMPLEKSOWE ZABIEGI ŻOŁĄDKA I DWUNASTNICY < 66 R.Ż. *,1a
5.51.01.0006012,F12 DUŻE ZABIEGI ŻOŁĄDKA I DWUNASTNICY *,1a
5.51.01.0006013,F13 ZABIEGI LECZNICZE ŻOŁĄDKA I DWUNASTNICY *,1a
5.51.01.0006014,F14 CHIRURGICZNE LECZENIE OTYŁOŚCI *,1a
5.51.01.0006016,F16 CHOROBY ŻOŁĄDKA I DWUNASTNICY,1a
5.51.01.0006099,F16E CHOROBY ŻOŁĄDKA I DWUNASTNICY > 65 R.Ż. *,1a
5.51.01.0006100,F16F CHOROBY ŻOŁĄDKA I DWUNASTNICY < 66 R.Ż. *,1a
5.51.01.0006021,F21 KOMPLEKSOWE ZABIEGI JELITA CIENKIEGO *,1a
5.51.01.0006022,F22 DUŻE I ENDOSKOPOWE ZABIEGI JELITA CIENKIEGO *,1a
5.51.01.0006026,F26 CHOROBY JELITA CIENKIEGO (BEZ CHORÓB ZAPALNYCH),1a
5.51.01.0006101,F26E CHOROBY JELITA CIENKIEGO (BEZ CHORÓB ZAPALNYCH) > 65 R.Ż,1a
5.51.01.0006102,F26F CHOROBY JELITA CIENKIEGO (BEZ CHORÓB ZAPALNYCH) < 66 R.Ż.,1a
5.51.01.0006031,F31 KOMPLEKSOWE ZABIEGI JELITA GRUBEGO *,1a
5.51.01.0006034,F31A KOMPLEKSOWE ZABIEGI JELITA GRUBEGO > 17 R. Ż.,1a
5.51.01.0006035,F31B KOMPLEKSOWE ZABIEGI JELITA GRUBEGO < 18 R. Ż.,1a
5.51.01.0006032,F32 DUŻE I ENDOSKOPOWE ZABIEGI JELITA GRUBEGO *,1a
5.51.01.0006033,F33 ŚREDNIE I ENDOSKOPOWE ZABIEGI JELITA GRUBEGO,1a
5.51.01.0006037,F34 ŚREDNIE I ENDOSKOPOWE ZABIEGI PRZEWODU POKARMOWEGO *,1a
5.51.01.0006036,F36 CHOROBY JELITA GRUBEGO,1a
5.51.01.0006042,F42 DUŻE ZABIEGI JAMY BRZUSZNEJ *,1a
5.51.01.0006043,F43 ŚREDNIE I ENDOSKOPOWE LECZNICZE ZABIEGI JAMY BRZUSZNEJ *,1a
5.51.01.0006103,F43E ŚREDNIE I ENDOSKOPOWE LECZNICZE ZABIEGI JAMY BRZUSZNEJ > 65 R.Ż. *,1a
5.51.01.0006104,F43F ŚREDNIE I ENDOSKOPOWE LECZNICZE ZABIEGI JAMY BRZUSZNEJ < 66 R.Ż. *,1a
5.51.01.0006044,F44 DIAGNOSTYCZNE  I LECZNICZE ZABIEGI JAMY BRZUSZNEJ *,1a
5.51.01.0006046,F46 CHOROBY JAMY BRZUSZNEJ,1a
5.51.01.0006047,F47 CHOROBY INFEKCYJNE JELIT,1a
5.51.01.0006111,F47E CHOROBY INFEKCYJNE JELIT > 65 R.Ż.,1a
5.51.01.0006112,F47F CHOROBY INFEKCYJNE JELIT < 66 R.Ż.,1a
5.51.01.0006051,F51 KOMPLEKSOWE ZABIEGI W CHOROBACH ZAPALNYCH JELIT *,1a
5.51.01.0006052,F52 DUŻE I ENDOSKOPOWE ZABIEGI W CHOROBACH ZAPALNYCH JELIT *,1a
5.51.01.0006053,F53 ŚREDNIE I ENDOSKOPOWE ZABIEGI W CHOROBACH ZAPALNYCH JELIT,1a
5.51.01.0006056,F56 CHOROBY ZAPALNE JELIT > 17 R.Ż,1a
5.51.01.0006057,F57 CHOROBY ZAPALNE JELIT < 18 R.Ż,1a
5.51.01.0006058,F58 CHOROBY ZAPALNE JELIT,1a
5.51.01.0006105,F58E CHOROBY ZAPALNE JELIT > 65 R.Ż,1a
5.51.01.0006106,F58F CHOROBY ZAPALNE JELIT < 66 R.Ż.,1a
5.51.01.0006061,F61 KOMPLEKSOWE ZABIEGI W KRWAWIENIACH Z PRZEWODU POKARMOWEGO *,1a
5.51.01.0006062,F62 DUŻE I ENDOSKOPOWE LECZNICZE ZABIEGI W KRWAWIENIACH Z PRZEWODU POKARMOWEGO *,1a
5.51.01.0006063,F63 ŚREDNIE I ENDOSKOPOWE DIAGNOSTYCZNE ZABIEGI W KRWAWIENIACH Z PRZEWODU POKARMOWEGO,1a
5.51.01.0006066,F66 KRWAWIENIA Z PRZEWODU POKARMOWEGO - LECZENIE ZACHOWAWCZE,1a
5.51.01.0006072,F72 OPERACJE PRZEPUKLIN JAMY BRZUSZNEJ Z WSZCZEPEM *,1a
5.51.01.0006073,F73 OPERACJE PRZEPUKLIN BRZUSZNYCH *,1a
5.51.01.0006082,F82 WYCIĘCIE WYROSTKA ROBACZKOWEGO Z POWIKŁANIAMI *,1a
5.51.01.0006083,F83 WYCIĘCIE WYROSTKA ROBACZKOWEGO *,1a
5.51.01.0006086,F86 CHOROBY WYROSTKA ROBACZKOWEGO,1a
5.51.01.0006107,F86E CHOROBY WYROSTKA ROBACZKOWEGO > 65 R.Ż.,1a
5.51.01.0006108,F86F CHOROBY WYROSTKA ROBACZKOWEGO < 66 R.Ż.,1a
5.51.01.0006092,F92 DUŻE ZABIEGI ODBYTU *,1a
5.51.01.0006093,F93 ŚREDNIE ZABIEGI ODBYTU *,1a
5.51.01.0006094,F94 MAŁE ZABIEGI ODBYTU I ODBYTNICY *,1a
5.51.01.0006096,F96 CHOROBY ODBYTU,1a
5.51.01.0007001,G01 ROZLEGŁE ZABIEGI WĄTROBY *,1a
5.51.01.0007011,G11 KOMPLEKSOWE ZABIEGI WĄTROBY *,1a
5.51.01.0007012,G12 DUŻE ZABIEGI WĄTROBY *,1a
5.51.01.0007013,G13 ŚREDNIE ZABIEGI WĄTROBY *,1a
5.51.01.0007014,G14 MAŁE ZABIEGI WĄTROBY *,1a
5.51.01.0007016,G16 OSTRE CHOROBY WĄTROBY,1a
5.51.01.0007017,G17 PRZEWLEKŁE CHOROBY WĄTROBY Z PW >5 DNI,1a
5.51.01.0007018,G18 PRZEWLEKŁE CHOROBY WĄTROBY BEZ PW,1a
5.51.01.0007015,G18A PRZEWLEKŁE CHOROBY WĄTROBY BEZ PW  > 17 R. Ż.,1a
5.51.01.0007019,G18B PRZEWLEKŁE CHOROBY WĄTROBY BEZ PW < 18 R. Ż.,1a
5.51.01.0007021,G21 KOMPLEKSOWE ZABIEGI PRZEWODÓW ŻÓŁCIOWYCH *,1a
5.51.01.0007022,G22 DUŻE ZABIEGI PRZEWODÓW ŻÓŁCIOWYCH *,1a
5.51.01.0007024,G24 WYCIĘCIE PĘCHERZYKA ŻÓŁCIOWEGO Z PW *,1a
5.51.01.0007025,G25 WYCIĘCIE PĘCHERZYKA ŻÓŁCIOWEGO *,1a
5.51.01.0007043,G25E WYCIĘCIE PĘCHERZYKA ŻÓŁCIOWEGO > 65 R.Ż. *,1a
5.51.01.0007044,G25F WYCIĘCIE PĘCHERZYKA ŻÓŁCIOWEGO < 66 R.Ż *,1a
5.51.01.0007026,G26 CHOROBY DRÓG ŻÓŁCIOWYCH,1a
5.51.01.0007045,G26E CHOROBY DRÓG ŻÓŁCIOWYCH > 65 R.Ż.,1a
5.51.01.0007046,G26F CHOROBY DRÓG ŻÓŁCIOWYCH < 66 R.Ż.,1a
5.51.01.0007028,G28 NOWOTWORY DRÓG ŻÓŁCIOWYCH,1a
5.51.01.0007030,G30 PRZESZCZEPIENIE TRZUSTKI *,1a
5.51.01.0007031,G31 KOMPLEKSOWE ZABIEGI TRZUSTKI,1a
5.51.01.0007047,G31G RESEKCJE TRZUSTKI BEZ ZABIEGÓW REKONSTRUKCYJNYCH *,1a
5.51.01.0007048,G31H KOMPLEKSOWE ZABIEGI TRZUSTKI Z REKONSTRUKCJĄ (PANKREATODUODENEKTOMIE) *,1a
5.51.01.0007032,G32 DUŻE ZABIEGI TRZUSTKI *,1a
5.51.01.0007033,G33 ZABIEGI ENDOSKOPOWE I PRZEZSKÓRNE DRÓG ŻÓŁCIOWYCH I TRZUSTKI Z WPROWADZENIEM PROTEZY SAMOROZPRĘŻALNEJ *,1a
5.51.01.0007034,G34 ZABIEGI ENDOSKOPOWE I PRZEZSKÓRNE DRÓG ŻÓŁCIOWYCH I TRZUSTKI *,1a
5.51.01.0007035,G35 INNE ZABIEGI DRÓG ŻÓŁCIOWYCH I TRZUSTKI *,1a
5.51.01.0007036,G36 OSTRE ZAPALENIE TRZUSTKI O CIĘŻKIM PRZEBIEGU,1a
5.51.01.0007037,G37 OSTRE ZAPALENIE TRZUSTKI,1a
5.51.01.0007038,G38 PRZEWLEKŁE CHOROBY TRZUSTKI,1a
5.51.01.0007042,G42 ZABIEGI ŚLEDZIONY *,1a
5.51.01.0008001,"H01 ENDOPROTEZOPLASTYKA ŁOKCIA, BARKU, NADGARSTKA, STAWU SKOKOWO-GOLENIOWEGO, PIERWOTNA CZĘŚCIOWA KOLANA *",1a
5.51.01.0008002,H02 ENDOPROTEZOPLASTYKA PIERWOTNA CZĘŚCIOWA STAWU BIODROWEGO *,1a
5.51.01.0008003,H03 ENDOPROTEZOPLASTYKA PIERWOTNA DROBNYCH STAWÓW W OBRĘBIE RĘKI *,1a
5.51.01.0008004,"H04 ENDOPROTEZOPLASTYKA PIERWOTNA CAŁKOWITA CEMENTOWA, BIPOLARNA BIODRA *",1a
5.51.01.0008005,"H05 ENDOPROTEZOPLASTYKA PIERWOTNA CAŁKOWITA KOLANA, BEZCEMENTOWA BIODRA *",1a
5.51.01.0008006,"H06 ENDOPROTEZOPLASTYKA PIERWOTNA CAŁKOWITA BIODRA LUB KOLANA Z REKONSTRUKCJĄ KOSTNĄ, ENDOPROTEZOPLASTYKA STAWU BIODROWEGO Z ZASTOSOWANIEM TRZPIENIA PRZYNASADOWEGO, KAPOPLASTYKA STAWU BIODROWEGO *",1a
5.51.01.0008007,H07 ENDOPROTEZOPLASTYKA REWIZYJNA CZĘŚCIOWA *,1a
5.51.01.0008008,H08 ENDOPROTEZOPLASTYKA REWIZYJNA CAŁKOWITA *,1a
5.51.01.0008009,"H09 ZABIEGI OPERACYJNE - REWIZYJNE Z POWODU ASEPTYCZNEGO OBLUZOWANIA LUB Z TOWARZYSZĄCYM ZŁAMANIEM ""OKOŁOPROTEZOWYM"" *",1a
5.51.01.0008010,H10 ZABIEGI OPERACYJNE - REWIZYJNE W PRZYPADKACH INFEKCJI WOKÓŁ PROTEZY *,1a
5.51.01.0008011,H11 ZABIEGI RESEKCYJNE ZMIAN NOWOTWOROWYCH LUB GUZOWATYCH Z ENDOPROTEZOPLASTYKĄ LUB ZABIEG REWIZYJNY Z UŻYCIEM PROTEZ PORESEKCYJNYCH *,1a
5.51.01.0008012,H12 CZASOWE IMPLANTY UWALNIAJĄCE ANTYBIOTYKI W LECZENIU INFEKCJI OKOŁOPROTEZOWYCH *,1a
5.51.01.0008013,H13 ENDOPROTEZOPLASTYKA PIERWOTNA CAŁKOWITA BIODRA *,1a
5.51.01.0008014,"H14 ENDOPROTEZOPLASTYKA PIERWOTNA CAŁKOWITA BIODRA Z REKONSTRUKCJĄ KOSTNĄ, ENDOPROTEZOPLASTYKA STAWU BIODROWEGO Z ZASTOSOWANIEM TRZPIENIA PRZYNASADOWEGO, KAPOPLASTYKA STAWU BIODROWEGO *",1a
5.51.01.0008015,H15 ENDOPROTEZOPLASTYKA PIERWOTNA CAŁKOWITA KOLANA *,1a
5.51.01.0008016,H16 ENDOPROTEZOPLASTYKA REWIZYJNA CZĘŚCIOWA BIODRA *,1a
5.51.01.0008017,H17 ENDOPROTEZOPLASTYKA REWIZYJNA CAŁKOWITA BIODRA *,1a
5.51.01.0008018,H18 ENDOPROTEZOPLASTYKA REWIZYJNA CZĘŚCIOWA KOLANA *,1a
5.51.01.0008019,H19 ENDOPROTEZOPLASTYKA REWIZYJNA CAŁKOWITA KOLANA *,1a
5.51.01.0008021,H21 ARTROSKOPOWA REKONSTRUKCJA Z UŻYCIEM IMPLANTÓW MOCUJĄCYCH *,1a
5.51.01.0008022,H22 ARTROSKOPIA LECZNICZA *,1a
5.51.01.0008023,H23 ARTROSKOPIA DIAGNOSTYCZNO - LECZNICZA *,1a
5.51.01.0008031,H31 KOMPLEKSOWE ZABIEGI W ZAKRESIE KOŃCZYNY DOLNEJ I MIEDNICY *,1a
5.51.01.0008105,H31E KOMPLEKSOWE ZABIEGI W ZAKRESIE KOŃCZYNY DOLNEJ I MIEDNICY > 65 R.Ż. *,1a
5.51.01.0008106,H31F KOMPLEKSOWE ZABIEGI W ZAKRESIE KOŃCZYNY DOLNEJ I MIEDNICY < 66 R.Ż. *,1a
5.51.01.0008032,H32 DUŻE ZABIEGI W ZAKRESIE KOŃCZYNY DOLNEJ I MIEDNICY *,1a
5.51.01.0008033,H33 ŚREDNIE ZABIEGI NA KOŃCZYNIE DOLNEJ *,1a
5.51.01.0008115,H40 REPLANTACJA KOŃCZYNY GÓRNEJ *,1a
5.51.01.0008041,"H41 REKONSTRUKCJA FUNKCJI RĘKI, W TYM MIKROCHIRURGICZNA *",1a
5.51.01.0008042,H42 DUŻE ZABIEGI NA KOŃCZYNIE GÓRNEJ *,1a
5.51.01.0008043,H43 ŚREDNIE ZABIEGI NA KOŃCZYNIE GÓRNEJ *,1a
5.51.01.0008051,H51 KOMPLEKSOWE ZABIEGI KOREKCYJNE KRĘGOSŁUPA *,1a
5.51.01.0008052,H52 ZABIEGI NA KRĘGOSŁUPIE Z ZASTOSOWANIEM IMPLANTÓW *,1a
5.51.01.0008053,H53 ZABIEGI NA KRĘGOSŁUPIE BEZ STOSOWANIA IMPLANTÓW *,1a
5.51.01.0008055,H55 ZABIEGI ARTROSKOPOWE I PRZEZSKÓRNE W ZAKRESIE KRĘGOSŁUPA *,1a
5.51.01.0008056,H56 ZESPOŁY BÓLOWE KRĘGOSŁUPA > 3 DNI,1a
5.51.01.0008057,H56C ZESPOŁY BÓLOWE KRĘGOSLUPA < 4 DNI,1a
5.51.01.0008058,H56D ZESPOŁY BÓLOWE KRĘGOSŁUPA >3 DNI,1a
5.51.01.0008060,H60 REKONSTRUKCJA ZŁAMAŃ W OBRĘBIE MIEDNICY Z PW *,1a
5.51.01.0008061,H61 REKONSTRUKCJA ZŁAMAŃ W OBRĘBIE MIEDNICY BEZ PW *,1a
5.51.01.0008062,H62 ZŁAMANIA LUB ZWICHNIĘCIA W OBRĘBIE MIEDNICY LUB KOŃCZYNY DOLNEJ *,1a
5.51.01.0008109,H62E ZŁAMANIA LUB ZWICHNIĘCIA W OBRĘBIE MIEDNICY LUB KOŃCZYNY DOLNEJ > 65 R.Ż. *,1a
5.51.01.0008110,H62F ZŁAMANIA LUB ZWICHNIĘCIA W OBRĘBIE MIEDNICY LUB KOŃCZYNY DOLNEJ < 66 R.Ż. *,1a
5.51.01.0008063,H63 ZŁAMANIA LUB ZWICHNIĘCIA W OBRĘBIE KOŃCZYNY GÓRNEJ *,1a
5.51.01.0008064,H64 MNIEJSZE ZŁAMANIA LUB ZWICHNIĘCIA *,1a
5.51.01.0008066,"H66 CZYNNOŚCIOWE LECZENIE ZŁAMAŃ KOŚCI DŁUGICH, STAWOWYCH, MIEDNICY, KRĘGOSŁUPA > 10 DNI",1a
5.51.01.0008067,"H67 CZYNNOŚCIOWE LECZENIE ZŁAMAŃ KOŚCI DŁUGICH, STAWOWYCH, MIEDNICY, KRĘGOSŁUPA",1a
5.51.01.0008072,H72 AMPUTACJE ROZLEGŁE I DUŻE *,1a
5.51.01.0008073,H74 MNIEJSZE AMPUTACJE *,1a
5.51.01.0008111,H74E MNIEJSZE AMPUTACJE > 65 R.Ż. *,1a
5.51.01.0008112,H74F MNIEJSZE AMPUTACJE < 66 R.Ż. *,1a
5.51.01.0008080,"H80 ARTROTOMIE W CHOROBACH INFEKCYJNYCH, NOWOTWOROWYCH KOŚCI, STAWÓW, TKANKI ŁĄCZNEJ *",1a
5.51.01.0008081,"H81 KOMPLEKSOWE ZABIEGI W CHOROBACH INFEKCYJNYCH, NOWOTWOROWYCH KOŚCI, STAWÓW, TKANKI ŁĄCZNEJ > 10 DNI *",1a
5.51.01.0008082,"H82 DUŻE ZABIEGI W CHOROBACH INFEKCYJNYCH, NOWOTWOROWYCH  KOŚCI, STAWÓW, TKANKI ŁĄCZNEJ *",1a
5.51.01.0008083,H83 ŚREDNIE ZABIEGI NA TKANKACH MIĘKKICH *,1a
5.51.01.0008084,H84 MNIEJSZE ZABIEGI W OBRĘBIE UKŁADU MIĘŚNIOWO-SZKIELETOWEGO LUB TKANEK MIĘKKICH *,1a
5.51.01.0008085,H85 POURAZOWE USZKODZENIA POZA USZKODZENIEM MÓZGU > 17 R.Ż.,1a
5.51.01.0008113,H85E POURAZOWE USZKODZENIA POZA USZKODZENIEM MÓZGU > 65 R.Ż.,1a
5.51.01.0008114,H85F POURAZOWE USZKODZENIA POZA USZKODZENIEM MÓZGU > 17 R.Ż. I < 66 R.Ż.,1a
5.51.01.0008086,H86 CHOROBY TKANEK MIĘKKICH,1a
5.51.01.0008087,H87 CHOROBY ZAPALNE STAWÓW I TKANKI ŁĄCZNEJ,1a
5.51.01.0008103,H87C CHOROBY ZAPALNE STAWÓW  I TKANKI ŁĄCZNEJ < 4 DNI,1a
5.51.01.0008104,H87D CHOROBY ZAPALNE STAWÓW I TKANKI ŁĄCZNEJ > 3 DNI,1a
5.51.01.0008088,H88 CHOROBY INFEKCYJNE KOŚCI I STAWÓW,1a
5.51.01.0008089,H89 CHOROBY NIEZAPALNE KOŚCI I STAWÓW,1a
5.51.01.0008099,H89C CHOROBY NIEZAPALNE KOŚCI I STAWÓW < 4 DNI,1a
5.51.01.0008100,H89D CHOROBY NIEZAPALNE KOŚCI I STAWÓW > 3 DNI,1a
5.51.01.0008090,H90 ZAPALENIA STAWÓW I UKŁADOWE CHOROBY TKANKI ŁĄCZNEJ WYMAGAJĄCE INTENSYWNEGO LECZENIA > 10 DNI,1a
5.51.01.0008092,H92 ZABIEGI REKONSTRUKCYJNE DEFORMACJI UKŁADU KOSTNO-STAWOWEGO < 18 R.Ż.,1a
5.51.01.0008096,H96 UKŁADOWE CHOROBY TKANKI ŁĄCZNEJ,1a
5.51.01.0008101,H96C UKŁADOWE CHOROBY TKANKI ŁĄCZNEJ,1a
5.51.01.0008107,H96CE UKŁADOWE CHOROBY TKANKI ŁĄCZNEJ > 65 R.Ż.,1a
5.51.01.0008108,H96CF UKŁADOWE CHOROBY TKANKI ŁĄCZNEJ < 66 R.Ż.,1a
5.51.01.0008102,H96D UKŁADOWE CHOROBY TKANKI ŁĄCZNEJ > 3 DNI,1a
5.51.01.0008097,H97 SPONDYLOARTROPATIE ZAPALNE,1a
5.51.01.0008098,H98 KRYSTALOPATIE,1a
5.51.01.0009001,J01 RADYKALNE ODJĘCIE PIERSI Z REKONSTRUKCJĄ *,1a
5.51.01.0009002,J02 KOMPLEKSOWE ZABIEGI W OBRĘBIE PIERSI *,1a
5.51.01.0009003,J03 DUŻE ZABIEGI W OBRĘBIE PIERSI *,1a
5.51.01.0009050,J03E DUŻE ZABIEGI W OBRĘBIE PIERSI > 65 R.Ż. *,1a
5.51.01.0009051,J03F DUŻE ZABIEGI W OBRĘBIE PIERSI < 66 R.Ż. *,1a
5.51.01.0009004,J04 ZABIEGI REKONSTRUKCYJNE PIERSI *,1a
5.51.01.0009005,J05 ŚREDNIA CHIRURGIA PIERSI *,1a
5.51.01.0009006,J06 MAŁA CHIRURGIA PIERSI *,1a
5.51.01.0009007,J07 CHOROBY PIERSI ŁAGODNE *,1a
5.51.01.0009008,J08 CHOROBY PIERSI ZŁOŚLIWE *,1a
5.51.01.0009009,J09 WYCIĘCIE WĘZŁÓW CHŁONNYCH,1a
5.51.01.0009010,J10 BIOPSJA MAMMOTOMICZNA *,1a
5.51.01.0009011,"J11 POWAŻNE OPARZENIA (ODMROŻENIA), OPARZENIA 3O/  >19% TBSA - JEDNEJ LUB WIELU OKOLIC CIAŁA Z PRZESZCZEPEM SKÓRY > 10 DNI *",1a
5.51.01.0009012,"J12 POWAŻNE OPARZENIA (ODMROŻENIA), OPARZENIA 3O/ >19% TBSA - JEDNEJ LUB WIELU OKOLIC CIAŁA, PRZENIESIONE DO ODDZIAŁU SPECJALISTYCZNEGO *",1a
5.51.01.0009013,"J13 POWAŻNE OPARZENIA (ODMROŻENIA), OPARZENIA 3O/ >19% TBSA - JEDNEJ LUB WIELU OKOLIC CIAŁA BEZ PRZESZCZEPU SKÓRY > 10 DNI *",1a
5.51.01.0009014,J14 OPARZENIA (ODMROŻENIA) Z WIELOMA PRZESZCZEPAMI SKÓRY Z PW *,1a
5.51.01.0009015,J15 OPARZENIA (ODMROŻENIA) Z WIELOMA PRZESZCZEPAMI SKÓRY BEZ PW *,1a
5.51.01.0009016,J16 OPARZENIA Z JEDNYM PRZESZCZEPEM SKÓRY Z PW *,1a
5.51.01.0009017,J17 OPARZENIA Z JEDNYM PRZESZCZEPEM SKÓRY BEZ PW *,1a
5.51.01.0009018,J18 OPARZENIA (ODMROŻENIA) Z INNYMI PROCEDURAMI Z PW *,1a
5.51.01.0009019,J19 OPARZENIA (ODMROŻENIA) Z INNYMI PROCEDURAMI BEZ PW *,1a
5.51.01.0009020,J20 INNE OPARZENIA (ODMROŻENIA) Z PW,1a
5.51.01.0009021,J21 INNE OPARZENIA (ODMROŻENIA) BEZ PW,1a
5.51.01.0009022,J22 EKSTREMALNE OPARZENIA Z ZABIEGIEM CHIRURGICZNYM > 15 DNI *,1a
5.51.01.0009023,J23 CIĘŻKIE OPARZENIA Z ZABIEGIEM CHIRURGICZNYM > 10 DNI *,1a
5.51.01.0009024,J24 ŚREDNIE OPARZENIA/ODMROŻENIA Z ZABIEGIEM CHIRURGICZNYM > 5 DNI *,1a
5.51.01.0009025,J25 EKSTREMALNE OPARZENIA > 15 DNI,1a
5.51.01.0009026,J26 CIĘŻKIE OPARZENIA > 10 DNI,1a
5.51.01.0009027,J27 ŚREDNIE OPARZENIA/ODMROŻENIA > 5 DNI,1a
5.51.01.0009028,J28 LEKKIE OPARZENIA/ODMROŻENIA,1a
5.51.01.0009029,J29 OPARZENIA/ODMROŻENIA PRZED PRZENIESIENIEM DO ODDZIAŁU SPECJALISTYCZNEGO,1a
5.51.01.0009030,J30 POWAŻNE OPARZENIA <18 R.Ż.,1a
5.51.01.0009031,J31 - ZABIEGI ZWIĄZANE Z PRZESZCZEPAMI SKÓRY *,1a
5.51.01.0009032,J32 DUŻE ZABIEGI SKÓRNE *,1a
5.51.01.0009033,J33 ŚREDNIE ZABIEGI SKÓRNE *,1a
5.51.01.0009034,J34 LECZENIE CHIRURGICZNE ZMIAN TROFICZNYCH STOPY *,1a
5.51.01.0009035,J35 LECZENIE ANOMALII NACZYNIOWYCH LASEREM PULSACYJNO-BARWNIKOWYM<18 R.Ż.,1a
5.51.01.0009037,J37 OWRZODZENIA SKÓRY,1a
5.51.01.0009038,J38 CIĘŻKIE CHOROBY DERMATOLOGICZNE,1a
5.51.01.0009039,J39 DUŻE CHOROBY DERMATOLOGICZNE,1a
5.51.01.0009040,J40 CIĘŻKA ŁUSZCZYCA,1a
5.51.01.0009046,J46 DUŻE CHOROBY INFEKCYJNE SKÓRY,1a
5.51.01.0009047,J47 DUŻE GUZY SKÓRY,1a
5.51.01.0009049,J49 ŁAGODNE CHOROBY DERMATOLOGICZNE,1a
5.51.01.0010001,K01 ZABIEGI RADYKALNE W RAKACH GRUCZOŁÓW DOKREWNYCH *,1a
5.51.01.0010002,K02 OPERACJA WOLA GUZOWATEGO POWIKŁANEGO *,1a
5.51.01.0010003,K03 ZABIEGI DOTYCZĄCE TARCZYCY I PRZYTARCZYC *,1a
5.51.01.0010004,K04 ZABIEGI DOTYCZĄCE NADNERCZY *,1a
5.51.01.0010005,"K05 ZABIEGI DIAGNOSTYCZNE TARCZYCY, PRZYTARCZYC, NADNERCZY *",1a
5.51.01.0010006,K06 STANY NAGLĄCE W ENDOKRYNOLOGII,1a
5.51.01.0010007,K07 STANY NAGLĄCE W ENDOKRYNOLOGII < 18 R.Ż,1a
5.51.01.0010016,K16 CHOROBY  PRZYSADKI,1a
5.51.01.0010026,K26 ZABURZENIA WODNO-ELEKTROLITOWE,1a
5.51.01.0010027,K27 ZABURZENIA ODŻYWIENIA,1a
5.51.01.0010025,K27A ZABURZENIA ODŻYWIENIA > 17 R.Ż.,1a
5.51.01.0010029,K27B ZABURZENIA ODŻYWIENIA < 18 R. Ż.,1a
5.51.01.0010028,K28 WRODZONE WADY METABOLICZNE,1a
5.51.01.0010065,K28E WRODZONE WADY METABOLICZNE > 65 R.Ż.,1a
5.51.01.0010066,K28F WRODZONE WADY METABOLICZNE < 66 R.Ż.,1a
5.51.01.0010035,K35 CUKRZYCA Z POWIKŁANIAMI I INNE STANY HIPOGLIKEMICZNE,1a
5.51.01.0010036,K36 CUKRZYCA ZE STANAMI HIPOGLIKEMICZNYMI,1a
5.51.01.0010037,K37 CUKRZYCA ZE STANAMI HIPERGLIKEMICZNYMI,1a
5.51.01.0010038,K38 CUKRZYCA I STANY HIPERGLIKEMICZNE INNEGO POCHODZENIA,1a
5.51.01.0010039,K39 STOPA CUKRZYCOWA,1a
5.51.01.0010046,K46 CIĘŻKIE CHOROBY TARCZYCY,1a
5.51.01.0010047,K47 CHOROBY TARCZYCY,1a
5.51.01.0010048,K48 ORBITOPATIA TARCZYCOWA - TERAPIA PRZECIWZAPALNA I PRZYGOTOWANIE DO RADIOTERAPII I LECZENIA DEKOMPRESYJNEGO,1a
5.51.01.0010053,"K53 NADCZYNNOŚĆ GRUCZOŁÓW DOKREWNYCH POZA HIPERPROLAKTYNEMIĄ, NADCZYNNOŚCIĄ TARCZYCY I GUZAMI NEUROENDOKRYNNYMI PRZEWODU POKARMOWEGO I UKŁADU ODDECHOWEGO",1a
5.51.01.0010067,"K53E NADCZYNNOŚĆ GRUCZOŁÓW DOKREWNYCH POZA HIPERPROLAKTYNEMIĄ, NADCZYNNOŚCIĄ TARCZYCY I GUZAMI NEUROENDOKRYNNYMI PRZEWODU POKARMOWEGO I UKŁADU ODDECHOWEGO > 65 R.Ż.",1a
5.51.01.0010068,"K53F NADCZYNNOŚĆ GRUCZOŁÓW DOKREWNYCH POZA HIPERPROLAKTYNEMIĄ, NADCZYNNOŚCIĄ TARCZYCY I GUZAMI NEUROENDOKRYNNYMI PRZEWODU POKARMOWEGO I UKŁADU ODDECHOWEGO < 66 R.Ż.",1a
5.51.01.0010054,K54 AUTOIMMUNOLOGICZNE ZESPOŁY WIELOGRUCZOŁOWE,1a
5.51.01.0010055,"K55 RAKI GRUCZOŁÓW DOKREWNYCH Z ZABURZENIAMI CZYNNOŚCI HORMONALNEJ, NOWOTWOROWE ZESPOŁY WIELOGRUCZOŁOWE ORAZ EKTOPOWE WYDZIELANIE HORMONÓW Z WYŁACZENIEM GUZÓW NEUROENDOKRYNNYCH PRZEWODU POKARMOWEGO I UKŁADU ODDECHOWEGO",1a
5.51.01.0010056,K56 GUZY ZŁOŚLIWE GRUCZOŁÓW DOKREWNYCH BEZ ZABURZEŃ CZYNNOŚCI HORMONALNEJ,1a
5.51.01.0010057,K57 GUZY NEUROENDOKRYNNE,1a
5.51.01.0010058,K58 NOWOTWORY ENDOKRYNNE POZA PRZYSADKĄ,1a
5.51.01.0010059,K59 INNE CHOROBY UKŁADU WYDZIELANIA WEWNĘTRZNEGO,1a
5.51.01.0010060,K60 NOWOTWORY GRUCZOŁÓW DOKREWNYCH,1a
5.51.01.0010063,K63 KWALIFIKACJA DO LECZENIA JODEM RADIOAKTYWNYM RAKA TARCZYCY LUB OCENA SKUTECZNOŚCI LECZENIA Z ZASTOSOWANIEM REKOMBINOWANEGO TSH [RHTSH],1a
5.51.01.0010064,K64 LECZENIE RADIOIZOTOPOWE NOWOTWORÓW Z ZASTOSOWANIERM 131I - META-JODO-BENZYL GUANIDYNY (131 I-MIBG),1a
5.51.01.0011000,L00 NEFREKTOMIA I INNE DUŻE OTWARTE ZABIEGI NEREK *,1a
5.51.01.0011001,L01 KOMPLEKSOWE OTWARTE ZABIEGI NEREK,1a
5.51.01.0011002,L02 DUŻE OTWARTE ZABIEGI NEREK,1a
5.51.01.0011003,L03 ŚREDNIE OTWARTE ZABIEGI NEREK *,1a
5.51.01.0011005,L05 DUŻE ENDOSKOPOWE ZABIEGI NEREK *,1a
5.51.01.0011006,L06 ŚREDNIE ENDOSKOPOWE ZABIEGI NEREK *,1a
5.51.01.0011007,L07 ZAKAŻENIA NEREK LUB DRÓG MOCZOWYCH,1a
5.51.01.0011008,L08 NOWOTWORY NEREK I DRÓG MOCZOWYCH,1a
5.51.01.0011009,L09 MAŁE ZABIEGI NEREK *,1a
5.51.01.0011104,L104 INNE PROCEDURY W ZAKRESIE UKŁADU MOCZOWO - PŁCIOWEGO *,1a
5.51.01.0011110,L105 PROCEDURY DIAGNOSTYCZNE ZABIEGOWE W ZAKRESIE UKŁADU MOCZOWO - PŁCIOWEGO < 18 R.Ż *,1a
5.51.01.0011012,L12 DUŻE OTWARTE ZABIEGI MOCZOWODU *,1a
5.51.01.0011013,L13 ŚREDNIE OTWARTE ZABIEGI MOCZOWODU *,1a
5.51.01.0011015,L15 DUŻE ENDOSKOPOWE ZABIEGI MOCZOWODU *,1a
5.51.01.0011016,L16 ŚREDNIE ENDOSKOPOWE ZABIEGI MOCZOWODU *,1a
5.51.01.0011017,L17 MAŁE ENDOSKOPOWE ZABIEGI MOCZOWODU *,1a
5.51.01.0011021,L21 KOMPLEKSOWE ZABIEGI PĘCHERZA MOCZOWEGO Z WYTWORZENIEM PRZETOKI *,1a
5.51.01.0011022,"L22 DUŻE OTWARTE ZABIEGI NA PĘCHERZU MOCZOWYM, W TYM PLASTYKA *",1a
5.51.01.0011023,L23 ŚREDNIE OTWARTE ZABIEGI NA PĘCHERZU MOCZOWYM *,1a
5.51.01.0011024,L24 ZABIEGI W ZAKRESIE PRZETOK ODPROWADZAJĄCYCH MOCZ *,1a
5.51.01.0011025,L25 DUŻE ENDOSKOPOWE ZABIEGI NA PĘCHERZU MOCZOWYM *,1a
5.51.01.0011026,L26 ŚREDNIE ZABIEGI ENDOSKOPOWE NA PĘCHERZU MOCZOWYM *,1a
5.51.01.0011027,L27 ZABURZENIA ODPŁYWU MOCZU,1a
5.51.01.0011029,L29 CHOROBY PĘCHERZA MOCZOWEGO I MOCZOWODU,1a
5.51.01.0011030,L30 MAŁE ZABIEGI PĘCHERZA MOCZOWEGO *,1a
5.51.01.0011031,L31 RADYKALNA PROSTATEKTOMIA *,1a
5.51.01.0011032,L32 OTWARTE ZABIEGI GRUCZOŁU KROKOWEGO I SZYI PĘCHERZA MOCZOWEGO *,1a
5.51.01.0011043,L43 PRZEZCEWKOWA RESEKCJA GRUCZOŁU KROKOWEGO *,1a
5.51.01.0011044,L45 ENDOSKOPOWE ZABIEGI GRUCZOŁU KROKOWEGO LUB PĘCHERZA MOCZOWEGO *,1a
5.51.01.0011045,L46 CHOROBY GRUCZOŁU KROKOWEGO,1a
5.51.01.0011047,L47 MAŁE ZABIEGI GRUCZOŁU KROKOWEGO LUB PĘCHERZA MOCZOWEGO *,1a
5.51.01.0011052,L52 DUŻE OTWARTE ZABIEGI CEWKI MOCZOWEJ *,1a
5.51.01.0011053,L53 ŚREDNIE ZABIEGI CEWKI MOCZOWEJ *,1a
5.51.01.0011054,L54 MAŁE ZABIEGI CEWKI MOCZOWEJ *,1a
5.51.01.0011062,L62 DUŻE I ŚREDNIE ZABIEGI PRĄCIA *,1a
5.51.01.0011107,L62E DUŻE I ŚREDNIE ZABIEGI PRĄCIA > 65 R.Ż. *,1a
5.51.01.0011108,L62F DUŻE I ŚREDNIE ZABIEGI PRĄCIA < 66 R.Ż. *,1a
5.51.01.0011064,L64 MAŁE ZABIEGI  PRĄCIA *,1a
5.51.01.0011069,"L69 CHOROBY PRĄCIA, JĄDER, NASIENIOWODU, MOCZOWODU I CEWKI MOCZOWEJ",1a
5.51.01.0011072,"L72 ZABIEGI MOSZNY, JĄDRA, NAJĄDRZA I NASIENIOWODU *",1a
5.51.01.0011073,"L72A ZABIEGI MOSZNY, JĄDRA, NAJĄDRZA I NASIENIOWODU > 17 R. Ż.",1a
5.51.01.0011074,"L72B ZABIEGI MOSZNY, JĄDRA, NAJĄDRZA I NASIENIOWODU < 18 R.Ż.",1a
5.51.01.0011081,L81 LECZENIE POWIKŁAŃ LECZENIA NERKOZASTĘPCZEGO > 17 R.Ż,1a
5.51.01.0011082,L82 OSTRA NIEWYDOLNOŚĆ NEREK,1a
5.51.01.0011083,L83 PRZEWLEKŁA NIEWYDOLNOŚĆ NEREK,1a
5.51.01.0011084,L84 INNE CHOROBY NEREK,1a
5.51.01.0011105,L84E INNE CHOROBY NEREK > 65 R.Ż.,1a
5.51.01.0011106,L84F INNE CHOROBY NEREK < 66 R.Ż.,1a
5.51.01.0011085,L85 KAMICA MOCZOWA,1a
5.51.01.0011086,L86 BADANIA W ZAKRESIE DRÓG MOCZOWYCH,1a
5.51.01.0011087,L87 LECZENIE POWIKŁAŃ LECZENIA NERKOZASTĘPCZEGO < 18 R.Ż,1a
5.51.01.0011091,L91 IMPLANTACJA LUB WYMIANA HYDRAULICZNEGO ZWIERACZA CEWKI MOCZOWEJ (AUS) *,1a
5.51.01.0011092,L92 ESWL *,1a
5.51.01.0011109,L92A ESWL < 18 R.Ż *,1a
5.51.01.0011093,L93 PRZESZCZEPIENIE NERKI - KATEGORIA I*,1a
5.51.01.0011094,L94 PRZESZCZEPIENIE NERKI > 17 R. Ż. *,1a
5.51.01.0011096,L96 PRZESZCZEPIENIE NERKI < 18 R.Ż.,1a
5.51.01.0011097,L97 PRZESZCZEPIENIE NERKI I TRZUSTKI *,1a
5.51.01.0012001,M01 KOMPLEKSOWE ZABIEGI DOLNEJ CZĘŚCI UKŁADU ROZRODCZEGO BEZ PW *,1a
5.51.01.0012002,M02 DUŻE ZABIEGI DOLNEJ CZĘŚCI UKŁADU ROZRODCZEGO *,1a
5.51.01.0012003,M03 ŚREDNIE ZABIEGI DOLNEJ CZĘŚCI UKŁADU ROZRODCZEGO *,1a
5.51.01.0012004,M04 MAŁE ZABIEGI DOLNEJ CZĘŚCI UKŁADU ROZRODCZEGO *,1a
5.51.01.0012005,M05 ZABIEGI W NIETRZYMANIU MOCZU *,1a
5.51.01.0012006,M06 KOMPLEKSOWE ZABIEGI DOLNEJ CZĘŚCI UKŁADU ROZRODCZEGO Z PW *,1a
5.51.01.0012011,M11 KOMPLEKSOWE ZABIEGI GÓRNEJ CZĘŚCI UKŁADU ROZRODCZEGO BEZ PW *,1a
5.51.01.0012012,M12 BARDZO DUŻE ZABIEGI GÓRNEJ CZĘŚCI UKŁADU ROZRODCZEGO BEZ PW *,1a
5.51.01.0012013,M13 DUŻE ZABIEGI GÓRNEJ CZĘŚCI UKŁADU ROZRODCZEGO *,1a
5.51.01.0012014,M14 ŚREDNIE ZABIEGI GÓRNEJ CZĘŚCI UKŁADU ROZRODCZEGO *,1a
5.51.01.0012015,M15 MAŁE ZABIEGI GÓRNEJ CZĘŚCI UKŁADU ROZRODCZEGO *,1a
5.51.01.0012016,"M16 ZAGRAŻAJĄCE LUB DOKONANE PORONIENIE, ZAKOŃCZENIE CIĄŻY OBUMARŁEJ *",1a
5.51.01.0012017,M17 INDUKCJA PORONIENIA,1a
5.51.01.0012018,M18 LECZENIE ZACHOWAWCZE DOLNEJ CZĘŚCI UKŁADU ROZRODCZEGO,1a
5.51.01.0012019,M19 LECZENIE ZACHOWAWCZE ZABURZEŃ STATYKI NARZĄDU RODNEGO,1a
5.51.01.0012020,M20 KOMPLEKSOWE ZABIEGI GÓRNEJ CZĘŚCI UKŁADU ROZRODCZEGO Z PW *,1a
5.51.01.0012021,M21 BARDZO DUŻE ZABIEGI GÓRNEJ CZĘŚCI UKŁADU ROZRODCZEGO Z PW *,1a
5.51.01.0012026,M26 LECZENIE ZACHOWAWCZE GÓRNEJ CZĘŚCI UKŁADU ROZRODCZEGO,1a
5.51.01.0012027,"M27 LECZENIE ZACHOWAWCZE JAJNIKÓW, JAJOWODÓW I MIEDNICY MNIEJSZEJ",1a
5.51.01.0012028,M28 LECZENIE ZACHOWAWCZE NOWOTWORÓW ZŁOŚLIWYCH UKŁADU ROZRODCZEGO Z PW > 4 DNI,1a
5.51.01.0012029,M29 LECZENIE ZACHOWAWCZE NOWOTWORÓW ZŁOŚLIWYCH UKŁADU ROZRODCZEGO BEZ PW,1a
5.51.01.0012030,M30 LECZENIE ZACHOWAWCZE W INNYCH CHOROBACH UKŁADU ROZRODCZEGO,1a
5.51.01.0012031,M31 LECZENIE NIEPŁODNOŚCI ŻEŃSKIEJ,1a
5.51.01.0013001,N01 PORÓD *,1a
5.51.01.0013002,N02 PORÓD MNOGI LUB PRZEDWCZESNY *,1a
5.51.01.0013003,N03 PATOLOGIA CIĄŻY LUB PŁODU Z PORODEM > 5 DNI *,1a
5.51.01.0013004,"N04 PATOLOGIA CIĄŻY - DIAGNOSTYKA, OBSERWACJA < 3 DNI",1a
5.51.01.0013005,"N05 PATOLOGIA CIĄŻY I POŁOGU- DIAGNOSTYKA, LECZENIE - > 2 DNI",1a
5.51.01.0013006,"N06 PATOLOGIA CIĄŻY I POŁOGU- DIAGNOSTYKA, LECZENIE - > 11 DNI",1a
5.51.01.0013007,"N07 CIĘŻKA PATOLOGIA CIĄŻY - DIAGNOSTYKA ROZSZERZONA, LECZENIE KOMPLEKSOWE",1a
5.51.01.0013013,"N07C CIĘŻKA PATOLOGIA CIĄŻY-DIAGNOSTYKA ROZSZERZONA, LECZENIE KOMPLEKSOWE < 5 DNI",1a
5.51.01.0013014,"N07D CIĘŻKA PATOLOGIA CIĄŻY-DIAGNOSTYKA ROZSZERZONA, LECZENIE KOMPLEKSOWE > 4 DNI",1a
5.51.01.0013008,"N08 CIĘŻKA PATOLOGIA PŁODU - DIAGNOSTYKA, LECZENIE",1a
5.51.01.0013038,N08A TERAPIA WEWNĄTRZMACICZNA - 1 KATEGORIA *,1a
5.51.01.0013039,N08B TERAPIA WEWNĄTRZMACICZNA - 2 KATEGORIA *,1a
5.51.01.0013009,"N09 CIĘŻKA PATOLOGIA CIĄŻY Z PORODEM - DIAGNOSTYKA ROZSZERZONA, LECZENIE KOMPLEKSOWE > 6 DNI *",1a
5.51.01.0013010,N10 NOWORODEK ZDROWY,1a
5.51.01.0013011,"N11 CIĘŻKA PATOLOGIA CIĄŻY Z PORODEM -DIAGNOSTYKA ROZSZERZONA, LECZENIE KOMPLEKSOWE > 10 DNI Z PW *",1a
5.51.01.0013012,"N12 PATOLOGIA CIĄŻY I POŁOGU-DIAGNOSTYKA, OBSERWACJA, LECZENIE <12 DNI",1a
5.51.01.0013037,N13 CIĘŻKA PATOLOGIA CIĄŻY ZAKOŃCZONA PORODEM ZABIEGOWYM > 3 DNI *,1a
5.51.01.0013020,N20 NOWORODEK WYMAGAJĄCY NORMALNEJ OPIEKI,1a
5.51.01.0013021,N21 CIĘŻKA PATOLOGIA NOWORODKA > 30 DNI,1a
5.51.01.0013022,N22 NOWORODEK WYMAGAJĄCY INTENSYWNEJ TERAPII,1a
5.51.01.0013023,N23 NOWORODEK WYMAGAJĄCY INTENSYWNEJ OPIEKI,1a
5.51.01.0013024,N24 NOWORODEK WYMAGAJĄCY SZCZEGÓLNEJ OPIEKI,1a
5.51.01.0013025,N25 NOWORODEK WYMAGAJĄCY WZMOŻONEGO NADZORU,1a
5.51.01.0013026,N26 NOWORODEK WYMAGAJĄCY INTENSYWNEJ TERAPII Z ZABIEGIEM CHIRURGICZNYM,1a
5.51.01.0013031,N31 KOMPLEKSOWE ZABIEGI CHIRURGII NOWORODKA I NIEMOWLĘCIA,1a
5.51.01.0013032,N32 DUŻE ZABIEGI CHIRURGII NOWORODKA I NIEMOWLĘCIA,1a
5.51.01.0013033,N33 ŚREDNIE ZABIEGI CHIRURGII NOWORODKA I NIEMOWLĘCIA,1a
5.51.01.0013034,N34 MAŁE ZABIEGI CHIRURGII NOWORODKA I NIEMOWLĘCIA,1a
5.51.01.0014001,P01 ASTMA LUB TRUDNOŚCI W ODDYCHANIU,1a
5.51.01.0014003,P03 CHOROBY GÓRNEGO ODCINKA DRÓG ODDECHOWYCH,1a
5.51.01.0014004,P04 CHOROBY DOLNYCH DRÓG ODDECHOWYCH,1a
5.51.01.0014005,P05 GŁÓWNE INFEKCJE (W TYM CHOROBY IMMUNOLOGICZNE),1a
5.51.01.0014006,P06 MNIEJSZE INFEKCJE (W TYM CHOROBY IMMUNOLOGICZNE),1a
5.51.01.0014007,P07 NOWOTWORY,1a
5.51.01.0014008,P08 DRGAWKI GORĄCZKOWE,1a
5.51.01.0014009,P09 CHOROBY UKŁADU NERWOWEGO,1a
5.51.01.0014010,P10 CHOROBY ENDOKRYNOLOGICZNE (BEZ CUKRZYCY),1a
5.51.01.0014011,P11 POWAŻNE CHOROBY ŻOŁĄDKOWO-JELITOWE I METABOLICZNE,1a
5.51.01.0014012,P12 INNE ZABURZENIA ŻOŁĄDKOWO-JELITOWE I METABOLICZNE,1a
5.51.01.0014013,P13 ALERGIE,1a
5.51.01.0014014,P14 POURAZOWE USZKODZENIA POZA USZKODZENIEM MÓZGU,1a
5.51.01.0014015,P15 ZABURZENIA ZACHOWANIA,1a
5.51.01.0014016,P16 POWAŻNE SCHORZENIA UWARUNKOWANE GENETYCZNIE I INNE CHOROBY WRODZONE,1a
5.51.01.0014017,P17 CHOROBY UKŁADU MOCZOWO-PŁCIOWEGO,1a
5.51.01.0014018,P18 CHOROBY NEREK Z NIEWYDOLNOŚCIĄ NERKOWĄ,1a
5.51.01.0014019,P19 CHOROBY KRWI,1a
5.51.01.0014020,"P20 CHOROBY SKÓRY, UKŁADU MIĘŚNIOWO-KOSTNEGO LUB TKANKI ŁĄCZNEJ",1a
5.51.01.0014021,P21 CHOROBY SERCA,1a
5.51.01.0014022,P22 INFEKCYJNE I NIEINFEKCYJNE ZAPALENIE ŻOŁĄDKA I JELIT,1a
5.51.01.0014023,P23 PADACZKA,1a
5.51.01.0014024,P24 CUKRZYCA,1a
5.51.01.0014025,P25 URAZ GŁOWY Z URAZEM MÓZGU,1a
5.51.01.0014026,P26 LECZENIE NOWOTWORÓW Z PW > 7 DNI,1a
5.51.01.0014027,P27 GUZY LITE UKŁADU NERWOWEGO,1a
5.51.01.0014028,"P28 GUZY LITE NARZĄDÓW, TKANEK I INNYCH UKŁADÓW",1a
5.51.01.0014029,P29 BÓLE GŁOWY - DIAGNOSTYKA I LECZENIE > 3 DNI,1a
5.51.01.0014030,P30 INFEKCJE WIRUSOWE OKREŚLONE,1a
5.51.01.0014031,P31 ALERGIE - OSTRE STANY ALERGICZNE,1a
5.51.01.0014032,P32 ALERGIE - ODCZULANIE,1a
5.51.01.0014033,P33 CUKRZYCA POWIKŁANA ŚPIĄCZKĄ / KWASICĄ KETONOWĄ,1a
5.51.01.0014034,P34 CUKRZYCA NIE POWIKŁANA ŚPIĄCZKĄ / KWASICĄ KETONOWĄ,1a
5.51.01.0014035,P35 LECZENIE ZACHOWAWCZE URAZÓW < 18 R.Ż.,1a
5.51.01.0014036,"P36 POWAŻNE CHOROBY GARDŁA, USZU I NOSA < 18 R.Ż.",1a
5.51.01.0014037,P37 ZABURZENIA RYTMU SERCA < 1 R.Ż. LUB < 18 R.Ż. Z PW,1a
5.51.01.0014038,P38 WRODZONE WADY SERCA < 1 R.Ż. LUB < 18 R.Ż. Z PW ,1a
5.51.01.0014039,P39 WRODZONE WADY SERCA > 0 R.Ż. I < 18 R.Ż.,1a
5.51.01.0014040,P40 INNE CHOROBY UKŁADU KRĄŻENIA < 1 R.Ż. ALBO < 18 R.Ż. Z PW,1a
5.51.01.0014041,P41 CHOROBY ZAPALNE JELIT < 18 R.Ż.,1a
5.51.01.0014042,P42 PRZEWLEKŁE CHOROBY WĄTROBY < 18 R.Ż.,1a
5.51.01.0014043,P43 CIĘŻKIE OPARZENIA > 10 DNI < 18 R.Ż.,1a
5.51.01.0014044,P44 ŚREDNIE OPARZENIA/ ODMROŻENIA > 5 DNI < 18 R.Ż.,1a
5.51.01.0014045,P45 LEKKIE OPARZENIA/ ODMROŻENIA < 18 R.Ż.,1a
5.51.01.0014046,P46 DUŻE CHOROBY INFEKCYJNE SKÓRY < 18 R.Ż. ,1a
5.51.01.0014047,P47 ZABURZENIA ODŻYWIENIA < 18 R.Ż.,1a
5.51.01.0014048,P48 INTENSYWNE LECZENIE OSTRYCH BIAŁACZEK < 18 R.Ż. ,1a
5.51.01.0014049,P49 LECZENIE ZACHOWAWCZE OKULISTYCZNE < 18 R.Ż.,1a
5.51.01.0014050,P50 DIAGNOSTYKA I LECZENIE CHORÓB UKLADU NERWOWEGO,1a
5.51.01.0014051,P51 POSOCZNICA O CIĘŻKIM PRZEBIEGU LECZONA ZACHOWAWCZO,1a
5.51.01.0014099,P99 INNE CHOROBY DZIECI,1a
5.51.01.0018087,PZ99 INNE PROCEDURY ZABIEGOWE  < 18 R.Ż. *,1a
5.51.01.0018001,PZA01 KOMPLEKSOWE ZABIEGI WEWNĄTRZCZASZKOWE < 18 R.Ż. *,1a
5.51.01.0018002,PZA02 DUŻE ZABIEGI WEWNĄTRZCZASZKOWE < 18 R.Ż. *,1a
5.51.01.0018003,PZA03 ŚREDNIE ZABIEGI WEWNĄTRZCZASZKOWE < 18 R.Ż. *,1a
5.51.01.0018090,PZB01 ZABIEGI Z WYKONANIEM FAKOWITREKTOMII <18 R.Ż. *,1a
5.51.01.0018091,PZB02 ZABIEGI Z WYKONANIEM WITREKTOMII <18 R.Ż *,1a
5.51.01.0018092,PZB03 ŚREDNIE ZABIEGI NA OCZODOLE I APARACIE ŁZOWYM < 18 R.Ż *,1a
5.51.01.0018093,PZB04 ZABIEGI W ZAKRESIE MIĘŚNI OKORUCHOWYCH <18 R.Ż. *,1a
5.51.01.0018094,PZB05 DUŻE ZABIEGI NA ROGÓWCE I TWARDÓWCE <18 R.Ż.*,1a
5.51.01.0018095,PZB06 DUŻE ZABIEGI W JASKRZE I NA NACZYNIÓWCE <18 R.Ż.*,1a
5.51.01.0018096,PZB07 MAŁE ZABIEGI W OBRĘBIE OKA <18 R.Ż.*,1a
5.51.01.0018004,"PZC01 KOMPLEKSOWE ZABIEGI JAMY USTNEJ, GARDŁA I KRTANI < 18 R.Ż. *",1a
5.51.01.0018005,"PZC02 DUŻE ZABIEGI JAMY USTNEJ, GARDŁA I KRTANI < 18 R.Ż. *",1a
5.51.01.0018006,"PZC03 USUNIĘCIE MIGDAŁKÓW I INNE ZABIEGI JAMY USTNEJ, GARDŁA I KRTANI < 18 R.Ż. *",1a
5.51.01.0018007,"PZC04 MAŁE ZABIEGI JAMY USTNEJ, GARDŁA I KRTANI < 18 R.Ż. *",1a
5.51.01.0018008,PZC05 KOMPLEKSOWE ZABIEGI SZCZĘKOWO-TWARZOWE < 18 R.Ż. *,1a
5.51.01.0018009,PZC06 DUŻE ZABIEGI SZCZĘKOWO-TWARZOWE < 18 R.Ż. *,1a
5.51.01.0018010,PZC07 ŚREDNIE ZABIEGI SZCZĘKOWO-TWARZOWE < 18 R.Ż. *,1a
5.51.01.0018011,PZC08 MAŁE ZABIEGI SZCZĘKOWO-TWARZOWE < 18 R.Ż. *,1a
5.51.01.0018012,"PZC09 ROZLEGŁE ZABIEGI KOREKCYJNE WAD WRODZONYCH TWARZOCZASZKI, JAMY USTNEJ I GARDŁA < 18 R.Ż. *",1a
5.51.01.0018013,"PZC10 KOMPLEKSOWE ZABIEGI KOREKCYJNE WAD WRODZONYCH TWARZOCZASZKI, JAMY USTNEJ I GARDŁA < 18 R.Ż. *",1a
5.51.01.0018014,"PZC11 DUŻE ZABIEGI KOREKCYJNE WAD WRODZONYCH TWARZOCZASZKI, JAMY USTNEJ I GARDŁA < 18 R.Ż. *",1a
5.51.01.0018015,"PZC12 ŚREDNIE ZABIEGI KOREKCYJNE WAD WRODZONYCH TWARZOCZASZKI, JAMY USTNEJ  I GARDŁA < 18 R.Ż. * ",1a
5.51.01.0018016,"PZC13 MAŁE ZABIEGI KOREKCYJNE WAD WRODZONYCH TWARZOCZASZKI, JAMY USTNEJ I GARDŁA < 18 R.Ż. *",1a
5.51.01.0018017,PZC14 KOMPLEKSOWE ZABIEGI USZU < 18 R.Ż. *,1a
5.51.01.0018018,PZC15 DUŻE ZABIEGI USZU < 18 R.Ż. *,1a
5.51.01.0018019,PZC16 ŚREDNIE ZABIEGI USZU < 18 R.Ż. *,1a
5.51.01.0018020,PZC17 MAŁE ZABIEGI USZU < 18 R.Ż. *,1a
5.51.01.0018021,PZC18 KOMPLEKSOWE ZABIEGI NOSA < 18 R.Ż. *,1a
5.51.01.0018022,PZC19 DUŻE ZABIEGI NOSA < 18 R.Ż. *,1a
5.51.01.0018023,PZC20 ŚREDNIE ZABIEGI NOSA < 18 R.Ż. *,1a
5.51.01.0018024,PZC21 MAŁE ZABIEGI NOSA < 18 R.Ż. *,1a
5.51.01.0018025,PZC22 DUŻE ZABIEGI ENDOSKOPOWE  < 18 R.Ż.*,1a
5.51.01.0018026,PZC23 ŚREDNIE ZABIEGI ENDOSKOPOWE  < 18 R.Ż.*,1a
5.51.01.0018027,PZD01 KOMPLEKSOWE ZABIEGI KLATKI PIERSIOWEJ < 18 R.Ż. *,1a
5.51.01.0018028,PZD02 DUŻE ZABIEGI KLATKI PIERSIOWEJ < 18 R.Ż. *,1a
5.51.01.0018029,PZD03 BRONCHOSKOPIA < 18 R.Ż. *,1a
5.51.01.0018030,PZD04 MAŁE ZABIEGI KLATKI PIERSIOWEJ < 18 R.Ż. *,1a
5.51.01.0018031,PZE01 INNE ZABIEGI KARDIOCHIRURGICZNE < 18 R.Ż. *,1a
5.51.01.0018032,PZE02 LECZENIE ZABIEGOWE ZABURZEŃ RYTMU < 18 R.Ż.* ,1a
5.51.01.0018033,PZF01 ŚREDNIE I ENDOSKOPOWE ZABIEGI PRZEŁYKU < 18 R.Ż.* ,1a
5.51.01.0018034,PZF02 ZABIEGI LECZNICZE ŻOŁĄDKA I DWUNASTNICY < 18 R.Ż*,1a
5.51.01.0018035,PZF03 KOMPLEKSOWE ZABIEGI JELITA CIENKIEGO < 18 R.Ż. *,1a
5.51.01.0018036,PZF04 KOMPLEKSOWE ZABIEGI JELITA GRUBEGO < 18 R.Ż. * ,1a
5.51.01.0018037,PZF05 DUŻE I ENDOSKOPOWE ZABIEGI JELITA CIENKIEGO < 18 R.Ż. *,1a
5.51.01.0018038,PZF06 ŚREDNIE I ENDOSKOPOWE ZABIEGI PRZEWODU POKARMOWEGO < 18 R.Ż. *,1a
5.51.01.0018039,PZF07 DUŻE ZABIEGI JAMY BRZUSZNEJ < 18 R.Ż. *,1a
5.51.01.0018040,PZF08 ŚREDNIE I ENDOSKOPOWE LECZNICZE ZABIEGI JAMY BRZUSZNEJ < 18 R.Ż.*,1a
5.51.01.0018041,PZF09 OPERACJE PRZEPUKLIN JAMY BRZUSZNEJ Z WSZCZEPEM < 18 R.Ż.*,1a
5.51.01.0018042,PZF10 OPERACJE PRZEPUKLIN BRZUSZNYCH < 18 R.Ż. *,1a
5.51.01.0018043,PZF11 WYCIĘCIE WYROSTKA ROBACZKOWEGO < 18 R.Ż. *,1a
5.51.01.0018044,PZF12 ŚREDNIE ZABIEGI ODBYTU < 18 R.Ż. *,1a
5.51.01.0018045,PZG01 WYCIĘCIE PĘCHERZYKA ŻÓŁCIOWEGO < 18 R.Ż.*,1a
5.51.01.0018046,PZG02 ZABIEGI ŚLEDZIONY < 18 R.Ż.*,1a
5.51.01.0018048,PZH01 ARTROSKOPOWA REKONSTRUKCJA Z UŻYCIEM IMPLANTÓW MOCUJĄCYCH < 18 R.Ż. *,1a
5.51.01.0018049,PZH02 ARTROSKOPIA LECZNICZA < 18 R.Ż. *,1a
5.51.01.0018050,PZH03 KOMPLEKSOWE ZABIEGI W ZAKRESIE KOŃCZYNY DOLNEJ I MIEDNICY < 18 R.Ż. *,1a
5.51.01.0018051,PZH04 DUŻE ZABIEGI W ZAKRESIE KOŃCZYNY DOLNEJ I MIEDNICY < 18 R.Ż. *,1a
5.51.01.0018052,PZH05 ŚREDNIE ZABIEGI NA KOŃCZYNIE DOLNEJ < 18 R.Ż. * ,1a
5.51.01.0018053,PZH06 DUŻE ZABIEGI NA KOŃCZYNIE GÓRNEJ < 18 R.Ż. *,1a
5.51.01.0018054,PZH07 ŚREDNIE ZABIEGI NA KOŃCZYNIE GÓRNEJ < 18 R.Ż. *,1a
5.51.01.0018055,PZH08 KOMPLEKSOWE ZABIEGI KOREKCYJNE KRĘGOSŁUPA < 18 R.Ż. *,1a
5.51.01.0018056,PZH09 ZŁAMANIA LUB ZWICHNIĘCIA W OBRĘBIE MIEDNICY LUB KOŃCZYNY DOLNEJ < 18 R.Ż. * ,1a
5.51.01.0018057,PZH10 ZŁAMANIA LUB ZWICHNIĘCIA W OBRĘBIE KOŃCZYNY GÓRNEJ < 18 R.Ż. *,1a
5.51.01.0018058,PZH11 MNIEJSZE ZŁAMANIA LUB ZWICHNIĘCIA < 18 R.Ż. * ,1a
5.51.01.0018059,PZH12 ŚREDNIE ZABIEGI NA TKANKACH MIĘKKICH < 18 R.Ż. * ,1a
5.51.01.0018060,PZH13 MNIEJSZE ZABIEGI W OBRĘBIE UKŁADU MIĘŚNIOWO-SZKIELETOWEGO LUB TKANEK MIĘKKICH < 18 R.Ż. *,1a
5.51.01.0018061,PZH14 ZABIEGI REKONSTRUKCYJNE DEFORMACJI UKŁADU KOSTNO-STAWOWEGO < 18 R.Ż.* ,1a
5.51.01.0018062,PZJ01 CIĘŻKIE OPARZENIA Z ZABIEGIEM CHIRURGICZNYM > 10 DNI < 18 R.Ż. *,1a
5.51.01.0018063,PZJ02 ŚREDNIE OPARZENIA/ ODMROŻENIA Z ZABIEGIEM CHIRURGICZNYM > 5 DNI < 18 R.Ż. * ,1a
5.51.01.0018064,PZJ03 LECZENIE ANOMALII NACZYNIOWYCH LASEREM PULSACYJNO-BARWNIKOWYM < 18 R.Ż. *,1a
5.51.01.0018088,PZJ04 DUŻE ZABIEGI SKÓRNE < 18 R.Ż.  *,1a
5.51.01.0018047,PZJ05 ZABIEGI SKÓRNE < 18 R.Ż. *,1a
5.51.01.0018065,"PZK01 ZABIEGI DIAGNOSTYCZNE TARCZYCY, PRZYTARCZYC, NADNERCZY < 18 R.Ż*",1a
5.51.01.0018089,PZK02 ZABIEGI DOTYCZĄCE TARCZYCY I PRZYTARCZYC *,1a
5.51.01.0018066,PZL01 NEFREKTOMIA I INNE DUŻE OTWARTE ZABIEGI NEREK < 18 R.Ż. *,1a
5.51.01.0018067,PZL02 DUŻE OTWARTE ZABIEGI MOCZOWODU < 18 R.Ż *,1a
5.51.01.0018068,PZL03 MAŁE ENDOSKOPOWE ZABIEGI MOCZOWODU < 18 R.Ż *,1a
5.51.01.0018069,PZL04 MAŁE ZABIEGI PĘCHERZA MOCZOWEGO < 18 R.Ż. * ,1a
5.51.01.0018070,PZL05 ENDOSKOPOWE ZABIEGI  PĘCHERZA MOCZOWEGO LUB MOCZOWODU < 18 R.Ż *,1a
5.51.01.0018071,PZL06 DUŻE OTWARTE ZABIEGI CEWKI MOCZOWEJ < 18 R.Ż. * ,1a
5.51.01.0018072,PZL07 ŚREDNIE ZABIEGI CEWKI MOCZOWEJ < 18 R.Ż. *,1a
5.51.01.0018073,PZL08 DUŻE I ŚREDNIE ZABIEGI PRĄCIA < 18 R.Ż*,1a
5.51.01.0018074,PZL09 MAŁE ZABIEGI PRĄCIA < 18 R.Ż. * ,1a
5.51.01.0018075,"PZL10 ZABIEGI MOSZNY, JĄDRA, NAJĄDRZA I NASIENIOWODU < 18 R.Ż. * ",1a
5.51.01.0018076,PZL11 ESWL < 18 R.Ż.*,1a
5.51.01.0018077,PZL12 PRZESZCZEPIENIE NERKI < 18 R.Ż.* ,1a
5.51.01.0018078,PZL13 PROCEDURY DIAGNOSTYCZNE ZABIEGOWE W ZAKRESIE UKŁADU MOCZOWO - PŁCIOWEGO < 18 R.Ż * ,1a
5.51.01.0018079,PZN01 KOMPLEKSOWE ZABIEGI CHIRURGII NOWORODKA I NIEMOWLĘCIA  * ,1a
5.51.01.0018080,PZN02 DUŻE ZABIEGI CHIRURGII NOWORODKA I NIEMOWLĘCIA * ,1a
5.51.01.0018081,PZN03 ŚREDNIE ZABIEGI CHIRURGII NOWORODKA I NIEMOWLĘCIA *,1a
5.51.01.0018082,PZN04 MAŁE ZABIEGI CHIRURGII NOWORODKA I NIEMOWLĘCIA * ,1a
5.51.01.0018083,PZQ01 INNE ZABIEGI NA NACZYNIACH < 18 R.Ż *,1a
5.51.01.0018084,PZS01 PRZESZCZEPIENIE AUTOLOGICZNYCH KOMÓREK KRWIOTWÓRCZYCH< 18 R.Ż *,1a
5.51.01.0018085,PZS02 PRZESZCZEPIENIE ALLOGENICZNYCH KOMÓREK KRWIOTWÓRCZYCH OD RODZEŃSTWA IDENTYCZNEGO W HLA< 18 R.Ż *,1a
5.51.01.0018086,PZS03 PRZESZCZEPIENIE ALLOGENICZNYCH KOMÓREK KRWIOTWÓRCZYCH OD DAWCY ALTERNATYWNEGO< 18 R.Ż *,1a
5.51.01.0015001,Q01 ENDOWASKULARNE ZAOPATRZENIE TĘTNIAKA AORTY *,1a
5.51.01.0015002,Q02 ZABIEGI NACZYNIOWE W OBSZARZE BRZUSZNYM Z PW I REOPERACJE *,1a
5.51.01.0015003,Q03 ZABIEGI NACZYNIOWE W OBSZARZE BRZUSZNYM *,1a
5.51.01.0015011,Q11 ZABIEGI HYBRYDOWE W OBRĘBIE NACZYŃ OBWODOWYCH *,1a
5.51.01.0015012,Q12 ZABIEGI NA TĘTNICACH KOŃCZYN DOLNYCH *,1a
5.51.01.0015013,Q13 POMOSTOWANIE TĘTNIC OBWODOWYCH *,1a
5.51.01.0015014,Q14 POMOSTOWANIE I REKONSTRUCJA NACZYŃ POZACZASZKOWYCH I KOŃCZYN GÓRNYCH *,1a
5.51.01.0015015,Q15 ZABIEGI W ZAKRESIE NACZYŃ POZACZASZKOWYCH I KOŃCZYN GÓRNYCH *,1a
5.51.01.0015016,Q16 INNE ZABIEGI NA NACZYNIACH *,1a
5.51.01.0015067,Q16E INNE ZABIEGI NA NACZYNIACH > 65 R.Ż. *,1a
5.51.01.0015068,Q16F INNE ZABIEGI NA NACZYNIACH < 66 R.Ż *,1a
5.51.01.0015017,Q17 SYMPATEKTOMIA *,1a
5.51.01.0015018,Q18 DUŻE ZABIEGI NA UKŁADZIE LIMFATYCZNYM *,1a
5.51.01.0015019,Q19 ŚREDNIE ZABIEGI NA UKŁADZIE LIMFATYCZNYM *,1a
5.51.01.0015020,Q20 MAŁE ZABIEGI NA UKŁADZIE LIMFATYCZNYM *,1a
5.51.01.0015022,Q22 ZAKRZEPOWE ZAPALENIE ŻYŁ - LECZENIE OPERACYJNE *,1a
5.51.01.0015023,Q23 OPERACJE ŻYLAKÓW Z SAFENEKTOMIĄ *,1a
5.51.01.0015024,Q24 OPERACJE ŻYLAKÓW BEZ SAFENEKTOMII *,1a
5.51.01.0015031,Q31 CHOROBY KRWOTOCZNE NACZYŃ MÓZGOWYCH  - REMODELING NACZYŃ Z ZASTOSOWANIEM STENTU *,1a
5.51.01.0015032,Q32 CHOROBY KROWOTOCZNE NACZYŃ MÓZGOWYCH - DUŻY ENDOWASKULARNY ZABIEG NAPRAWCZY *,1a
5.51.01.0015033,Q33 CHOROBY KRWOTOCZNE NACZYŃ MÓZGOWYCH - ŚREDNI ENDOWASKULARNY ZABIEG NAPRAWCZY *,1a
5.51.01.0015041,Q41 ZABIEGI ENDOWASKULARNE - 1. GRUPA *,1a
5.51.01.0015042,Q42 ZABIEGI ENDOWASKULARNE - 2. GRUPA *,1a
5.51.01.0015049,Q42G ZABIEGI ENDOWASKULARNE - 2. I 3. GRUPA *,1a
5.51.01.0015043,Q43 ZABIEGI ENDOWASKULARNE - 3. GRUPA *,1a
5.51.01.0015044,Q44 ZABIEGI ENDOWASKULARNE - 4. GRUPA *,1a
5.51.01.0015045,Q45 ZABIEGI ENDOWASKULARNE - 5. GRUPA *,1a
5.51.01.0015046,Q46 ZABIEGI ENDOWASKULARNE - 6. GRUPA *,1a
5.51.01.0015047,Q47 ZABIEGI ENDOWASKULARNE - 7. GRUPA *,1a
5.51.01.0015048,Q48 RADIOLOGIA ZABIEGOWA - ZABIEGI DIAGNOSTYCZNE *,1a
5.51.01.0015051,Q51 DOSTĘP NACZYNIOWY W LECZENIU NERKOZASTĘPCZYM Z WYKORZYSTANIEM PROTEZ NACZYNIOWYCH *,1a
5.51.01.0015052,Q52 DOSTĘP NACZYNIOWY W LECZENIU NERKOZASTĘPCZYM *,1a
5.51.01.0015066,Q66 CHOROBY NACZYŃ,1a
5.51.01.0016001,S01 INTENSYWNE LECZENIE OSTRYCH BIAŁACZEK > 17 R.Ż,1a
5.51.01.0016002,S02 CHOROBY UKŁADU KRWIOTWÓRCZEGO I ODPORNOŚCIOWEGO > 10 DNI,1a
5.51.01.0016003,S03 CHOROBY UKŁADU KRWIOTWÓRCZEGO I ODPORNOŚCIOWEGO > 1 DNIA,1a
5.51.01.0016004,S04 CHOROBY UKŁADU KRWIOTWÓRCZEGO I ODPORNOŚCIOWEGO < 2 DNI,1a
5.51.01.0016005,"S05 ZABURZENIA KRZEPLIWOŚCI, INNE CHOROBY KRWI I ŚLEDZIONY > 10 DNI",1a
5.51.01.0016006,"S06 ZABURZENIA KRZEPLIWOŚCI, INNE CHOROBY KRWI I ŚLEDZIONY > 1 DNIA",1a
5.51.01.0016007,"S07 ZABURZENIA KRZEPLIWOŚCI, INNE CHOROBY KRWI I ŚLEDZIONY < 2 DNI",1a
5.51.01.0016008,S08 INTENSYWNE LECZENIE OSTRYCH BIAŁACZEK < 18 R.Ż,1a
5.51.01.0016067,S11 OKOŁOURAZOWE LUB OKOŁOZABIEGOWE LECZENIE SKAZ KRWOTOCZNYCH,1a
5.51.01.0016069,S13 SKAZY KRWOTOCZNE - KOMPLEKSOWA OCENA STANU ZDROWIA >1 DNIA,1a
5.51.01.0016071,S15 SKAZY KRWOTOCZNE - ROZSZERZONA OCENA STANU ZDROWIA < 2 DNI,1a
5.51.01.0016072,S16 SKAZY KRWOTOCZNE - OCENA STANU ZDROWIA < 2 DNI,1a
5.51.01.0016021,S21 PRZESZCZEPIENIE AUTOLOGICZNYCH KOMÓREK KRWIOTWÓRCZYCH *,1a
5.51.01.0016022,S22 PRZESZCZEPIENIE ALLOGENICZNYCH KOMÓREK KRWIOTWÓRCZYCH OD RODZEŃSTWA IDENTYCZNEGO W HLA *,1a
5.51.01.0016023,S23 PRZESZCZEPIENIE ALLOGENICZNYCH KOMÓREK KRWIOTWÓRCZYCH OD DAWCY ALTERNATYWNEGO *,1a
5.51.01.0016031,S31 CHOROBY ALERGICZNE > 1 DNIA,1a
5.51.01.0016032,S32 CHOROBY ALERGICZNE < 2 DNI,1a
5.51.01.0016033,S33 CHOROBY ALERGICZNE >17 R.Ż.,1a
5.51.01.0016040,S40 INTENSYWNE LECZENIE ZATRUĆ,1a
5.51.01.0016041,S41 ZATRUCIE CIĘŻKIE,1a
5.51.01.0016061,S41E ZATRUCIE CIĘŻKIE > 65 R.Ż.,1a
5.51.01.0016062,S41F ZATRUCIE CIĘŻKIE < 66 R.Ż.,1a
5.51.01.0016042,S42 ZATRUCIE ŚREDNIE,1a
5.51.01.0016063,S42E ZATRUCIE ŚREDNIE > 65 R.Ż.,1a
5.51.01.0016064,S42F ZATRUCIE ŚREDNIE < 66 R.Ż.,1a
5.51.01.0016043,S43 ZATRUCIE LEKKIE,1a
5.51.01.0016044,S44 INNE STANY W TOKSYKOLOGII,1a
5.51.01.0016051,S51 AIDS - LECZENIE CHOROBY PEŁNOOBJAWOWEJ,1a
5.51.01.0016052,S52 NIEDOBORY ODPORNOŚCI INNE NIŻ HIV/ AIDS,1a
5.51.01.0016053,S53 POSOCZNICA,1a
5.51.01.0016054,S54 OBSERWACJA I WSTĘPNA DIAGNOSTYKA W CELU WYKLUCZENIA CHORÓB ZAKAŹNYCH > 1 DNIA,1a
5.51.01.0016055,S55 GORĄCZKA NIEJASNEGO POCHODZENIA,1a
5.51.01.0016065,S55E GORĄCZKA NIEJASNEGO POCHODZENIA > 65 R.Ż.,1a
5.51.01.0016066,S55F GORĄCZKA NIEJASNEGO POCHODZENIA < 66 R.Ż.,1a
5.51.01.0016056,S56 POSOCZNICA O CIĘŻKIM PRZEBIEGU,1a
5.51.01.0016057,S57 INNE CHOROBY WIRUSOWE,1a
5.51.01.0016060,S60 CHOROBY ZAKAŹNE NIEWIRUSOWE,1a
5.51.01.0017001,T01 KRANIOTOMIA W OKREŚLONYCH OBRAŻENIACH MNOGICH Z PW *,1a
5.51.01.0017002,T02 KRANIOTOMIA W OKREŚLONYCH OBRAŻENIACH MNOGICH *,1a
5.51.01.0017003,T03 ZAOPATRZENIE MIEDNICY I UDA W OBRAŻENIACH MNOGICH Z PW *,1a
5.51.01.0017004,T04 ZAOPATRZENIE MIEDNICY I UDA W OBRAŻENIACH MNOGICH *,1a
5.51.01.0017005,T05 INNE ZABIEGI W OBRAŻENIACH MNOGICH Z PW *,1a
5.51.01.0017006,T06 INNE ZABIEGI W OBRAŻENIACH MNOGICH *,1a
5.51.01.0017007,T07 LECZENIE ZACHOWAWCZE URAZÓW,1a
5.51.01.0017008,T08 LECZENIE ZACHOWAWCZE OBRAŻEŃ MNOGICH Z PW,1a
5.51.01.0017009,T09 LECZENIE ZACHOWAWCZE OBRAŻEŃ MNOGICH,1a
5.51.01.0017011,T11 KOMPLEKSOWE ZABIEGI CHIRURGICZNE W URAZACH WIELONARZĄDOWYCH < 18 R.Ż.,1a
5.51.01.0017012,T12 DUŻE ZABIEGI CHIRURGICZNE W URAZACH WIELONARZĄDOWYCH < 18 R.Ż.,1a
5.51.01.0017013,T13 ŚREDNIE ZABIEGI CHIRURGICZNE W URAZACH WIELONARZĄDOWYCH < 18 R.Ż.,1a
5.51.01.0017014,T14 CIĘŻKIE URAZY WIELONARZĄDOWE LECZONE ZACHOWAWCZO < 18 R.Ż.,1a
5.51.01.0017015,T15 ŚREDNIE URAZY WIELONARZĄDOWE LECZONE ZACHOWAWCZO < 18 R.Ż.,1a
5.51.01.0017016,T16 URAZY WIELONARZĄDOWE LECZONE ZACHOWAWCZO < 18 R.Ż.,1a
5.51.01.0021001,Z01_S KOMPLEKSOWA DIAGNOSTYKA ONKOLOGICZNA,1a
5.52.01.0001505,ABLACJA U CHORYCH Z ROZPOZNANIEM BURZY ELEKTRYCZNEJ,1b
5.52.01.0000261,BADANIE AUDIOLOGICZNE DZIECI (DO 4 R.Ż.),1b
5.52.01.0001511,BADANIE GENETYCZNE MATERIAŁU ARCHIWALNEGO,1b
5.52.01.0000264,BADANIE PEDOAUDIOLOGICZNE W PODEJRZENIU GŁUCHOTY U DZIECKA,1b
5.52.01.0001533,CHEMIOTERAPIA DOOTRZEWNOWA W HIPERTERMII (HIPEC),1b
5.52.01.0001361,CIĘŻKA NIEWYDOLNOŚĆ SERCA - KWALIFIKACJA DO PRZESZCZEPU SERCA/ PŁUCA/ SERCA I PŁUC,1b
5.52.01.0001463,"CIĘŻKIE POWIKŁANIA INFEKCYJNE U CHOREGO PO PRZESZCZEPIENIU NARZĄDU LUB SZPIKU, WYMAGAJĄCE INTENSYWNEGO LECZENIA PRZECIWGRZYBICZEGO I/LUB PRZECIWWIRUSOWEGO - DIAGNOSTYKA, LECZENIE PACJENTA OD 31 DNIA PO WYKONANIU PRZESZCZEPU >3 DNI",1b
5.52.01.0001154,DIAGNOSTYKA I LECZENIE CHOREGO Z NIEWYDOLNOŚCIĄ SERCA W OKRESIE KWALIFIKACJI DO PRZESZCZEPU SERCA,1b
5.52.01.0001155,DIAGNOSTYKA I LECZENIE CHOREGO Z NIEWYDOLNOŚCIĄ WĄTROBY W OKRESIE KWALIFIKACJI DO PRZESZCZEPU WĄTROBY,1b
5.52.01.0001488,"DIAGNOSTYKA POTENCJALNEGO DAWCY I POBRANIE OBU NEREK I TRZUSTKI W PRZYPADKU POBRANIA WIELONARZĄDOWEGO(NERKI, TRZUSTKA I TRZY LUB WIĘCEJ INNYCH NARZĄDÓW)",1b
5.52.01.0001482,"DIAGNOSTYKA POTENCJALNEGO DAWCY I POBRANIE OBU NEREK W PRZYPADKU POBRANIA WIELONARZĄDOWEGO (NERKI I INNY NARZĄD, POZA TRZUSTKĄ)",1b
5.52.01.0001484,"DIAGNOSTYKA POTENCJALNEGO DAWCY I POBRANIE OBU NEREK W PRZYPADKU POBRANIA WIELONARZĄDOWEGO (NERKI I TRZY LUB WIĘCEJ INNYCH NARZĄDÓW, POZA TRZUSTKĄ)",1b
5.52.01.0001483,"DIAGNOSTYKA POTENCJALNEGO DAWCY I POBRANIE OBU NEREK W PRZYPADKU POBRANIA WIELONARZĄDOWEGO(NERKI I DWA INNE NARZĄDY, POZA TRZUSTKĄ)",1b
5.52.01.0001481,DIAGNOSTYKA POTENCJALNEGO DAWCY I POBRANIE WYŁĄCZNIE OBU NEREK,1b
5.52.01.0001479,DIAGNOSTYKA POTENCJALNEGO DAWCY NARZĄDÓW BEZ POBRANIA - KATEGORIA I,1b
5.52.01.0001480,DIAGNOSTYKA POTENCJALNEGO DAWCY NERKI I/ LUB TRZUSTKI Z POBRANIEM NARZĄDU/ NARZĄDÓW,1b
5.52.01.0001473,DOPASOWANIE PROCESORA MOWY SYSTEMU IMPLANTU ŚLIMAKOWEGO LUB ZAKOTWICZONEGO NA PRZEWODNICTWO KOSTNE,1b
5.52.01.0001502,DOPASOWANIE PROCESORA MOWY SYSTEMÓW IMPLANTÓW ELEKTRONICZNYCH PROTEZ SŁUCHU INNYCH NIŻ NA PRZEWODNICTWO KOSTNE,1b
5.52.01.0001501,DOPASOWANIE ZEWNĘTRZNEGO PRZETWORNIKA MOWY SYSTEMÓW IMPLANTÓW NA PRZEWODNICTWO KOSTNE,1b
5.52.01.0001469,"DYSKWALIFIKACJA Z PLANOWEGO ZABIEGU OPERACYJNEGO/PROCEDUR INWAZYJNYCH Z POWODU UJAWNIONYCH W SZPITALU PRZECIWSKAZAŃ (NP. CHOROBY INFEKCYJNE, KARDIOLOGICZNE, ZMIANA SPOSOBU POSTĘPOWANIA - ODSTĄPIENIE OD LECZENIA OPERACYJNEGO)",1b
5.52.01.0001496,ENDOWASKULARNE ZAOPATRZENIE TĘTNIAKÓW AORTY OBEJMUJĄCYCH TĘTNICE TRZEWNE I NERKOWE,1b
5.52.01.0000811,GRUŹLICA - LECZENIE DŁUGOTERMINOWE,1b
5.52.01.0001459,"GRUŹLICA WIELOLEKOOPORNA, MYKOBAKTERIOZY - LECZENIE DŁUGOTERMINOWE",1b
5.52.01.0001471,HOSPITALIZACA DO TELERADIOTERAPII - W ODDZIALE RADIOTERAPII/ONKOLOGII KLINICZNEJ,1b
5.52.01.0001424,HOSPITALIZACJA DO BRACHYTERAPII I TERAPII IZOTOPOWEJ,1b
5.52.01.0001470,HOSPITALIZACJA DO BRACHYTERAPII I TERAPII IZOTOPOWEJ - W ODDZIALE RADIOTERAPII/ONKOLOGII KLINICZNEJ,1b
5.52.01.0001504,HOSPITALIZACJA DO CHEMIORADIOTERAPII > 18 R.Ż.,1b
5.52.01.0001478,HOSPITALIZACJA DO DIALIZY WĄTROBOWEJ,1b
5.52.01.0001539,HOSPITALIZACJA DO OPERACJI WAD SERCA I AORTY PIERSIOWEJ W KRĄŻENIU POZAUSTROJOWYM U DOROSŁYCH,1b
5.52.01.0001540,HOSPITALIZACJA DO OPERACJI WAD SERCA I AORTY PIERSIOWEJ W KRĄŻENIU POZAUSTROJOWYM U DOROSŁYCH Z IZW LUB >= 80 LAT,1b
5.52.01.0001458,HOSPITALIZACJA DO PROCEDUR MZ 8 I MZ 9,1b
5.52.01.0001475,HOSPITALIZACJA DO PROCEDURY MZ 10,1b
5.52.01.0001446,HOSPITALIZACJA DO PROCEDURY MZ 12,1b
5.52.01.0001447,HOSPITALIZACJA DO PROCEDURY MZ 13,1b
5.52.01.0001474,HOSPITALIZACJA DO PROCEDURY MZ 7,1b
5.52.01.0001472,HOSPITALIZACJA DO PROCEDURY MZ 9 Z IZW,1b
5.52.01.0001491,HOSPITALIZACJA DO PROCEDURY MZ10 DLA CHORYCH Z POWIKŁANIAMI I CHOROBAMI WSPÓŁISTNIEJĄCYMI,1b
5.52.01.0001543,HOSPITALIZACJA DO PRZEZCEWNIKOWEJ NIEOPERACYJNEJ NAPRAWY ZASTAWKI MITRALNEJ U CHORYCH WYSOKIEGO RYZYKA,1b
5.52.01.0001544,HOSPITALIZACJA DO PRZEZCEWNIKOWEJ NIEOPERACYJNEJ NAPRAWY ZASTAWKI MITRALNEJ Z POWIKŁANIAMI I CHOROBAMI WSPÓŁISTNIEJĄCYMI LUB >=80 LAT,1b
5.52.01.0001541,HOSPITALIZACJA DO PRZEZSKÓRNEGO LUB Z INNEGO DOSTĘPU WSZCZEPIANIA ZASTAWEK SERCA,1b
5.52.01.0001542,HOSPITALIZACJA DO PRZEZSKÓRNEGO LUB Z INNEGO DOSTĘPU WSZCZEPIANIA ZASTAWEK SERCA  Z POWIKŁANIAMI* I CHOROBAMI WSPÓŁISTNIEJĄCYMI LUB >= 80 LAT,1b
5.52.01.0001499,HOSPITALIZACJA DO TELERADIOTERAPII /TERAPII PROTONOWEJ NOWOTWORÓW ZLOKALIZOWANYCH POZA NARZĄDEM WZROKU <18 R.Ż. W ODDZIALE ONKOLOGII I HEMATOLOGII DZIECIĘCEJ,1b
5.52.01.0001440,HOSPITALIZACJA DO TELERADIOTERAPII /TERAPII PROTONOWEJ NOWOTWORÓW ZLOKALIZOWANYCH POZA NARZĄDEM WZROKU>17 R.Ż.,1b
5.52.01.0001538,"HOSPITALIZACJA DO WIDEOTORAKOSKOPOWEJ ABLACJI W CIĘŻKIM, NIEPODDAJĄCYM SIĘ LECZENIU FARMAKOLOGICZNEMU MIGOTANIU PRZEDSIONKÓW",1b
5.52.01.0001518,HOSPITALIZACJA DO ŚWIADCZENIA WYSOKOSPECJALISTYCZNEGO  9 < 18 LAT Z IZW,1b
5.52.01.0001520,HOSPITALIZACJA DO ŚWIADCZENIA WYSOKOSPECJALISTYCZNEGO 10 Z POWIKŁANIAMI I CHOROBAMI WSPÓŁISTNIEJĄCYMI LUB >= 80 LAT,1b
5.52.01.0001522,HOSPITALIZACJA DO ŚWIADCZENIA WYSOKOSPECJALISTYCZNEGO 11 Z POWIKŁANIAMI LUB < 1 R.Ż.,1b
5.52.01.0001513,HOSPITALIZACJA DO ŚWIADCZENIA WYSOKOSPECJALISTYCZNEGO 7,1b
5.52.01.0001514,"HOSPITALIZACJA DO ŚWIADCZENIA WYSOKOSPECJALISTYCZNEGO 8 
",1b
5.52.01.0001517,HOSPITALIZACJA DO ŚWIADCZENIA WYSOKOSPECJALISTYCZNEGO 9 < 18 LAT,1b
5.52.01.0001516,HOSPITALIZACJA DO ŚWIADCZENIA WYSOKOSPECJALISTYCZNEGO 9 >= 18 LAT Z IZW LUB >= 80 LAT,1b
5.52.01.0001515,HOSPITALIZACJA DO ŚWIADCZENIA WYSOKOSPECJALISTYCZNEGO 9>=18 LAT,1b
5.52.01.0001519,HOSPITALIZACJA DO ŚWIADCZENIA WYSOKOSPECJALISTYCZNEGO10,1b
5.52.01.0001521,HOSPITALIZACJA DO ŚWIADCZENIA WYSOKOSPECJALISTYCZNEGO11,1b
5.52.01.0001529,HOSPITALIZACJA DO ŚWIADCZENIA WYSOKOSPECJALITYCZNEGO W ODDZIALE ANESTEZJOLOGII I INTENSYWNEJ TERAPII,1b
5.52.01.0000029,HOSPITALIZACJA PRZED PRZEKAZANIEM DO OŚRODKA O WYŻSZYM POZIOMIE REFERENCYJNYM,1b
5.52.01.0001467,HOSPITALIZACJA WYŁĄCZNIE W ODDZIALE ANESTEZJOLOGII I INTENSYWNEJ TERAPII,1b
5.52.01.0001384,HOSPITALIZACJA Z PRZYCZYN NIE UJĘTYCH GDZIE INDZIEJ,1b
5.52.01.0001445,"HOSPITALIZACJA ZWIAZANA Z WYTWORZENIEM STAŁEGO DOSTĘPU NACZYNIOWEGO Z UŻYCIEM CEWNIKA TYPU BROVIAC, HICKMAN LUB GROSHONG",1b
5.52.01.0001025,"HOSPITALIZACJA ZWIĄZANA Z GRAFTEKTOMIĄ - DIAGNOSTYKA, LECZENIE PACJENTA OD 31 DNIA PO WYKONANIU PRZESZCZEPU",1b
5.52.01.0001398,"HOSPITALIZACJA ZWIĄZANA Z KWALIFIKACJĄ DO PRZESZCZEPU WĄTROBY, TRZUSTKI, SERCA, PŁUCA, SERCA I PŁUCA",1b
5.52.01.0001466,HOSPITALIZACJA ZWIĄZANA Z LDL-AFEREZĄ,1b
5.52.01.0001464,"HOSPITALIZACJA ZWIĄZANA Z PRZETOCZENIEM KRWI, PRODUKTÓW KRWIOPOCHODNYCH W TYM IMMUNOGLOBULIN",1b
5.52.01.0001490,HOSPITALIZACJA ZWIĄZANA Z TERAPIĄ BIOLOGICZNĄ CIĘŻKIEJ ŁUSZCZYCY,1b
5.52.01.0001465,HOSPITALIZACJA ZWIĄZANA Z WYKONANIEM AFEREZY LECZNICZEJ POZA PLAZMAFEREZĄ I LDL-AFEREZĄ,1b
5.52.01.0001457,"HOSPITALIZACJA ZŁOŻONA DO PROCEDURY MZ 15, W TYM Z IZW",1b
5.52.01.0001506,HOSPITALIZACJA ŚWIADCZENIOBIORCY KOC II/III W ODDZIALE ANESTEZJOLOGII I INTENSYWNEJ TERAPII,1b
5.52.01.0001527,HOSPITALIZACJA ŚWIADCZENIOBIORCY KOS - ZAWAŁ W ODDZIALE ANESTEZJOLOGII I INTENSYWNEJ TERAPII,1b
5.52.01.0000035,IMPLANTACJA PORTU NACZYNIOWEGO Z HOSPITALIZACJĄ,1b
5.52.01.0001526,KONTROLNA PORADA SPECJALISTYCZNA PO ZABIEGU ZWIĄZANYM Z LECZENIEM ZAĆMY,1b
5.52.01.0001356,KWALIFIKACJA DO PRZESZCZEPU NERKI - BADANIE WSTĘPNE,1b
5.52.01.0001358,KWALIFIKACJA DO PRZESZCZEPU NERKI I TRZUSTKI,1b
5.52.01.0001357,KWALIFIKACJA DO PRZESZCZEPU NERKI I/LUB TRZUSTKI - BADANIE KONTROLNE,1b
5.52.01.0001500,LECZENIE MELFALANEM SIATKÓWCZAKA OKA,1b
5.52.01.0001419,MYKOBAKTERIOZY - LECZENIE  DŁUGOTERMINOWE,1b
5.52.01.0001532,NEUROMODULACJA KRZYŻOWA - I ETAP - WSZCZEPIENIE ELEKTRODY TESTOWEJ,1b
5.52.01.0001536,OKRESOWA KONTROLA Z ZAOPATRZENIEM W NIEZBĘDNE WYROBY MEDYCZNE,1b
5.52.01.0001460,"OSTRE ODRZUCANIE PRZESZCZEPU LUB OSTRA CHOROBA PRZESZCZEP PRZECIW GOSPODARZOWI - DIAGNOSTYKA, LECZENIE PACJENTA OD 31 DNIA OD WYKONANIA PRZESZCZEPU",1b
5.52.01.0001461,"OSTRE STERYDOOPORNE ODRZUCANIE  PRZESZCZEPU LUB OSTRA CHOROBA PRZESZCZEP PRZECIW GOSPODARZOWI - DIAGNOSTYKA, LECZENIE PACJENTA OD 31 DNIA OD WYKONANIA PRZESZCZEPU",1b
5.52.01.0001093,"PADACZKA LEKOOPORNA - DIAGNOSTYKA (NMR/ TK, VIDEO EEG, HOLTER EEG), LECZENIE (MIN 2 BADANIA Z WYMIENIONYCH), LECZENIE",1b
5.52.01.0001498,PLAN LECZENIA ONKOLOGICZNEGO W TRYBIE AMBULATORYJNYM,1b
5.52.01.0000938,PLAZMAFEREZA LECZNICZA Z HOSPITALIZACJĄ,1b
5.52.01.0001492,POBRANIE NERKI OD DAWCY ŻYWEGO,1b
5.52.01.0001497,POBRANIE NERKI OD DAWCY ŻYWEGO,1b
5.52.01.0001420,POBRANIE NERKI OD DAWCY ŻYWEGO LAPAROSKOPOWO,1b
5.52.01.0001421,POBRANIE NERKI OD DAWCY ŻYWEGO METODĄ OTWARTĄ,1b
5.52.01.0001524,POBYT DIAGNOSTYCZNY - W TRYBIE AMBULATORYJNYM,1b
5.52.01.0001391,"POGORSZENIE CZYNNOŚCI PRZESZCZEPIONEGO NARZĄDU - DIAGNOSTYKA, LECZENIE  OD 31 DNIA PO WYKONANIU PRZESZCZEPU",1b
5.52.01.0001493,"POWIKŁANIA INFEKCYJNE U CHOREGO PO PRZESZCZEPIENIU NARZĄDU LUB SZPIKU - DIAGNOSTYKA, LECZENIE ( DIAGNOSTYKA, LECZENIE PACJENTA OD 31 DNIA PO WYKONANIU PRZESZCZEPU) <4 DNI",1b
5.52.01.0001462,"POWIKŁANIA INFEKCYJNE U CHOREGO PO PRZESZCZEPIENIU NARZĄDU LUB SZPIKU - DIAGNOSTYKA, LECZENIE (DIAGNOSTYKA, LECZENIE PACJENTA OD 31 DNIA PO WYKONANIU PRZESZCZEPU) >3 DNI",1b
5.52.01.0001494,"POWIKŁANIA NIEINFEKCYJNE U CHOREGO PO PRZESZCZEPIENIU NARZĄDU LUB SZPIKU - DIAGNOSTYKA, LECZENIE ( DIAGNOSTYKA, LECZENIE PACJENTA OD 31 DNIA PO WYKONANIU PRZESZCZEPU) <4 DNI",1b
5.52.01.0001023,"POWIKŁANIA NIEINFEKCYJNE U CHOREGO PO PRZESZCZEPIENIU NARZĄDU LUB SZPIKU - DIAGNOSTYKA, LECZENIE (DIAGNOSTYKA, LECZENIE PACJENTA OD 31 DNIA PO WYKONANIU PRZESZCZEPU) >3 DNI",1b
5.52.01.0000243,PRZEWLEKŁA WENTYLACJA PACJENTA W ODDZIALE,1b
5.52.01.0001006,"PRZEWLEKŁE ODRZUCANIE PRZESZCZEPU LUB PRZEWLEKŁA CHOROBA PRZESZCZEP PRZECIW GOSPODARZOWI  - DIAGNOSTYKA, LECZENIE (DIAGNOSTYKA, LECZENIE PACJENTA OD 31 DNIA PO WYKONANIU PRZESZCZEPU)",1b
5.52.01.0001489,PRZEZCEWKOWA FOTOSELEKTYWNA WAPORYZACJA GRUCZOŁU KROKOWEGO(PVP),1b
5.52.01.0001364,PRZYMUSOWA HOSPITALIZACJA ZGODNIE Z ART. 34 USTAWY Z DNIA 5 GRUDNIA 2008 R. O ZAPOBIEGANIU ORAZ ZWALCZANIU ZAKAŻEŃ I CHORÓB ZAKAŹNYCH U LUDZI,1b
5.52.01.0001509,RATUNKOWY DOSTĘP DO TECHNOLOGII LEKOWYCH - W TRYBIE AMBULATORYJNYM,1b
5.52.01.0001363,ROZLICZENIE ZA ZGODĄ PŁATNIKA,1b
5.52.01.0001523,"ROZLICZENIE ZA ZGODĄ PŁATNIKA - ŚWIADCZENIE DO HOSPITALIZACJI DO ŚWIADCZENIA WYSOKOSPECJALISTYCZNEGO
",1b
5.52.01.0001512,ROZLICZENIE ŚWIADCZEŃ W ODDZIALE ANESTEZJOLOGII I INTENSYWNEJ TERAPII PO OKRESIE SPRAWOZDAWCZYM,1b
5.52.01.0001468,TELERADIOTERAPIA/ BRACHYTERAPIA I TERAPIA IZOTOPOWA W TRYBIE AMBULATORYJNYM,1b
5.52.01.0000036,USUNIĘCIE PORTU NACZYNIOWEGO Z HOSPITALIZACJĄ,1b
5.52.01.0000263,WIELOSPECJALISTYCZNA DIAGNOSTYKA W KIERUNKU WSZCZEPIENIA IMPLANTU W CAŁKOWITEJ GŁUCHOCIE,1b
5.52.01.0001528,WIZYTA KWALIFIKACYJNA DO ZABIEGU USUNIĘCIA ZAĆMY - W TRYBIE AMBULATORYJNYM,1b
5.52.01.0001530,WPROWADZENIE PROTEZY METALOWEJ DO MOCZOWODU,1b
5.52.01.0001156,WSTĘPNA DIAGNOSTYKA POTENCJALNEGO DAWCY ŻYWEGO NERKI LUB WĄTROBY,1b
5.52.01.0001423,WYTWORZENIE STAŁEGO DOSTĘPU NACZYNIOWEGO Z WYTWORZENIEM TUNELU PODSKÓRNEGO PRZEZNACZONEGO DO UŻYTKU DŁUGOTERMINOWEGO Z HOSPITALIZACJĄ,1b
5.52.01.0001503,ZABIEGI W ZABURZENIU STATYKI NARZĄDU RODNEGO Z UŻYCIEM MATERIAŁU SYNTETYCZNEGO,1b
5.52.01.0000837,"ZAPALENIE PŁUC U CHOREGO W IMMUNOSUPRESJI - DIAGNOSTYKA (HRCT, BRONCHOSKOPIA, BAKTERIOLOGIA, SEROLOGIA, BIOPSJA), LECZENIE BEZ IMMUNOGLOBULINOTERAPII",1b
5.52.01.0001360,ZGORZEL GAZOWA - KOMPLEKSOWE LECZENIE ZACHOWAWCZE I ZABIEGOWE SKOJARZONE Z TERAPIĄ HIPERBARYCZNĄ,1b
5.53.01.0001465,AFEREZA LECZNICZA POZA PLAZMAFEREZĄ I LDL-AFEREZĄ,1c
5.53.01.0005004,ATEREKTOMIA WIEŃCOWA - ROTABLACJA,1c
5.53.01.0001639,BADANIE ENDOSKOPOWE PRZEWODU POKARMOWEGO: GASTROSKOPIA DIAGNOSTYCZNA (W PRZYPADKU WSKAZAŃ OBEJMUJE TEST UREAZOWY).,1c
5.53.01.0001640,BADANIE ENDOSKOPOWE PRZEWODU POKARMOWEGO: GASTROSKOPIA DIAGNOSTYCZNA Z BIOPSJĄ (UWZGLĘDNIA 1 BADANIE HISTOPATOLOGICZNE).,1c
5.53.01.0001641,BADANIE ENDOSKOPOWE PRZEWODU POKARMOWEGO: GASTROSKOPIA DIAGNOSTYCZNA Z BIOPSJĄ (UWZGLĘDNIA 2 LUB WIĘCEJ BADAŃ HISTOPATOLOGICZNYCH).,1c
5.53.01.0001643,BADANIE ENDOSKOPOWE PRZEWODU POKARMOWEGO: KOLONOSKOPIA DIAGNOSTYCZNA (Z BADANIEM HISTOPATOLOGICZNYM).,1c
5.53.01.0001642,BADANIE ENDOSKOPOWE PRZEWODU POKARMOWEGO: KOLONOSKOPIA DIAGNOSTYCZNA.,1c
5.53.01.0001644,"BADANIE ENDOSKOPOWE PRZEWODU POKARMOWEGO: KOLONOSKOPIA Z POLIPEKTOMIĄ JEDNEGO LUB WIĘCEJ POLIPÓW O ŚREDNICY DO 1 CM, ZA POMOCĄ PĘTLI DIATERMICZNEJ (Z BADANIEM HISTOPATOLOGICZNYM).",1c
5.53.01.0001633,BADANIE METODĄ REZONANSU MAGNETYCZNEGO: ANGIOGRAFIA BEZ WZMOCNIENIA KONTRASTOWEGO.,1c
5.53.01.0001634,BADANIE METODĄ REZONANSU MAGNETYCZNEGO: ANGIOGRAFIA ZE WZMOCNIENIEM KONTRASTOWYM.,1c
5.53.01.0001632,BADANIE METODĄ REZONANSU MAGNETYCZNEGO: BADANIE BEZ WZMOCNIENIA KONTRASTOWEGO I CO NAJMNIEJ DWIE FAZY ZE WZMOCNIENIEM KONTRASTOWYM.,1c
5.53.01.0001635,BADANIE METODĄ REZONANSU MAGNETYCZNEGO: BADANIE CZYNNOŚCIOWE MÓZGU.,1c
5.53.01.0001626,BADANIE METODĄ REZONANSU MAGNETYCZNEGO: BADANIE DWÓCH ODCINKÓW KRĘGOSŁUPA BEZ I ZE WZMOCNIENIEM KONTRASTOWYM.,1c
5.53.01.0001624,BADANIE METODĄ REZONANSU MAGNETYCZNEGO: BADANIE DWÓCH ODCINKÓW KRĘGOSŁUPA BEZ WZMOCNIENIA KONTRASTOWEGO.,1c
5.53.01.0001630,BADANIE METODĄ REZONANSU MAGNETYCZNEGO: BADANIE DWÓCH OKOLIC ANATOMICZNYCH INNYCH NIŻ DWA ODCINKI KRĘGOSŁUPA BEZ I ZE WZMOCNIENIEM KONTRASTOWYM.,1c
5.53.01.0001628,BADANIE METODĄ REZONANSU MAGNETYCZNEGO: BADANIE DWÓCH OKOLIC ANATOMICZNYCH INNYCH NIŻ DWA ODCINKI KRĘGOSŁUPA BEZ WZMOCNIENIA KONTRASTOWEGO.,1c
5.53.01.0001623,BADANIE METODĄ REZONANSU MAGNETYCZNEGO: BADANIE JEDNEJ OKOLICY ANATOMICZNEJ INNEJ NIŻ ODCINEK KRĘGOSŁUPA BEZ I ZE WZMOCNIENIEM KONTRASTOWYM.,1c
5.53.01.0001638,BADANIE METODĄ REZONANSU MAGNETYCZNEGO: BADANIE SERCA (CZYNNOŚCIOWE I MORFOLOGICZNE BEZ I ZE WZMOCNIENIEM KONTRASTOWYM).,1c
5.53.01.0001631,BADANIE METODĄ REZONANSU MAGNETYCZNEGO: BADANIE TRZECH OKOLIC ANATOMICZNYCH INNYCH NIŻ TRZY ODCINKI KRĘGOSŁUPA BEZ I ZE WZMOCNIENIEM KONTRASTOWYM.,1c
5.53.01.0001629,BADANIE METODĄ REZONANSU MAGNETYCZNEGO: BADANIE TRZECH OKOLIC ANATOMICZNYCH INNYCH NIŻ TRZY ODCINKI KRĘGOSŁUPA BEZ WZMOCNIENIA KONTRASTOWEGO.,1c
5.53.01.0001619,BADANIE OBRAZOWE METODĄ REZONANSU MAGNETYCZNEGO: BADANIE GŁOWY BEZ I ZE WZMOCNIENIEM KONTRASTOWYM.,1c
5.53.01.0001618,BADANIE OBRAZOWE METODĄ REZONANSU MAGNETYCZNEGO: BADANIE GŁOWY BEZ WZMOCNIENIA KONTRASTOWEGO.,1c
5.53.01.0001622,BADANIE OBRAZOWE METODĄ REZONANSU MAGNETYCZNEGO: BADANIE JEDNEGO ODCINKA KRĘGOSŁUPA LUB KANAŁU KRĘGOWEGO BEZ I ZE WZMOCNIENIEM KONTRASTOWYM.,1c
5.53.01.0001620,BADANIE OBRAZOWE METODĄ REZONANSU MAGNETYCZNEGO: BADANIE JEDNEGO ODCINKA KRĘGOSŁUPA LUB KANAŁU KRĘGOWEGO BEZ WZMOCNIENIA KONTRASTOWEGO.,1c
5.53.01.0001621,BADANIE OBRAZOWE METODĄ REZONANSU MAGNETYCZNEGO: BADANIE JEDNEJ OKOLICY ANATOMICZNEJ INNEJ NIŻ KRĘGOSŁUP BEZ WZMOCNIENIA KONTRASTOWEGO.,1c
5.53.01.0001614,BADANIE OBRAZOWE METODĄ TOMOGRAFII KOMPUTEROWEJ: ANGIOGRAFIA (Z WYŁĄCZENIEM ANGIOGRAFII TT. WIEŃCOWYCH).,1c
5.53.01.0001615,BADANIE OBRAZOWE METODĄ TOMOGRAFII KOMPUTEROWEJ: ANGIOGRAFIA TT. WIEŃCOWYCH U PACJENTÓW PO ZABIEGACH KORONAROPLASTYKI LUB WSZCZEPIENIU BY-PASSÓW.,1c
5.53.01.0001611,BADANIE OBRAZOWE METODĄ TOMOGRAFII KOMPUTEROWEJ: BADANIE DWÓCH OKOLIC ANATOMICZNYCH BEZ I ZE WZMOCNIENIEM KONTRASTOWYM.,1c
5.53.01.0001607,BADANIE OBRAZOWE METODĄ TOMOGRAFII KOMPUTEROWEJ: BADANIE DWÓCH OKOLIC ANATOMICZNYCH BEZ WZMOCNIENIA KONTRASTOWEGO.,1c
5.53.01.0001609,BADANIE OBRAZOWE METODĄ TOMOGRAFII KOMPUTEROWEJ: BADANIE DWÓCH OKOLIC ANATOMICZNYCH ZE WZMOCNIENIEM KONTRASTOWYM.,1c
5.53.01.0001602,BADANIE OBRAZOWE METODĄ TOMOGRAFII KOMPUTEROWEJ: BADANIE GŁOWY BEZ I ZE WZMOCNIENIEM KONTRASTOWYM.,1c
5.53.01.0001603,BADANIE OBRAZOWE METODĄ TOMOGRAFII KOMPUTEROWEJ: BADANIE GŁOWY BEZ WZMOCNIENIA KONTRASTOWEGO I CO NAJMNIEJ DWIE FAZY ZE WZMOCNIENIEM KONTRASTOWYM.,1c
5.53.01.0001600,BADANIE OBRAZOWE METODĄ TOMOGRAFII KOMPUTEROWEJ: BADANIE GŁOWY BEZ WZMOCNIENIA KONTRASTOWEGO.,1c
5.53.01.0001601,BADANIE OBRAZOWE METODĄ TOMOGRAFII KOMPUTEROWEJ: BADANIE GŁOWY ZE WZMOCNIENIEM KONTRASTOWYM.,1c
5.53.01.0001606,BADANIE OBRAZOWE METODĄ TOMOGRAFII KOMPUTEROWEJ: BADANIE INNEJ OKOLICY ANATOMICZNEJ BEZ I ZE WZMOCNIENIEM KONTRASTOWYM.,1c
5.53.01.0001613,BADANIE OBRAZOWE METODĄ TOMOGRAFII KOMPUTEROWEJ: BADANIE INNEJ OKOLICY ANATOMICZNEJ BEZ WZMOCNIENIA KONTRASTOWEGO I CO NAJMNIEJ DWIE FAZY ZE WZMOCNIENIEM KONTRASTOWYM.,1c
5.53.01.0001604,BADANIE OBRAZOWE METODĄ TOMOGRAFII KOMPUTEROWEJ: BADANIE INNEJ OKOLICY ANATOMICZNEJ BEZ WZMOCNIENIA KONTRASTOWEGO.,1c
5.53.01.0001605,BADANIE OBRAZOWE METODĄ TOMOGRAFII KOMPUTEROWEJ: BADANIE INNEJ OKOLICY ANATOMICZNEJ ZE WZMOCNIENIEM KONTRASTOWYM.,1c
5.53.01.0001617,BADANIE OBRAZOWE METODĄ TOMOGRAFII KOMPUTEROWEJ: BADANIE KARDIOLOGICZNE (OBEJMUJE BADANIE MORFOLOGII I CZYNNOŚCI MIĘŚNIA SERCOWEGO - TAKŻE ZW WZMOCNIENIEM KONTRASTOWYM).,1c
5.53.01.0001612,BADANIE OBRAZOWE METODĄ TOMOGRAFII KOMPUTEROWEJ: BADANIE TRZECH LUB WIĘCEJ OKOLIC ANATOMICZNYCH BEZ I ZE WZMOCNIENIEM KONTRASTOWYM.,1c
5.53.01.0001608,BADANIE OBRAZOWE METODĄ TOMOGRAFII KOMPUTEROWEJ: BADANIE TRZECH LUB WIĘCEJ OKOLIC ANATOMICZNYCH BEZ WZMOCNIENIA KONTRASTOWEGO.,1c
5.53.01.0001610,BADANIE OBRAZOWE METODĄ TOMOGRAFII KOMPUTEROWEJ: BADANIE TRZECH LUB WIĘCEJ OKOLIC ANATOMICZNYCH ZE WZMOCNIENIEM KONTRASTOWYM.,1c
5.53.01.0001499,CAŁOŚCIOWA OCENA GERIATRYCZNA,1c
5.53.01.0001437,CHLOROWODOREK KWASU 5-AMINOLEWULINOWEGO (5-ALA HCI) DO WIZUALIZACJI TKANEK ZŁOŚLIWYCH GLEJAKA MÓZGU,1c
5.53.01.0001497,CIĄGŁA PERFUZJA PULSACYJNA NERKI W HIPOTERMII,1c
5.53.01.0001472,CIĄGŁE LECZENIE NERKOZASTĘPCZE,1c
5.53.01.0001416,CZĘŚCIOWE (NIEKOMPLETNE) ŻYWIENIE POZAJELITOWE,1c
5.53.01.0001475,DIAGNOSTYCZNE CEWNIKOWANIE SERCA/BIOPSJA MIĘŚNIA SERCOWEGO < 18 R.Ż.,1c
5.53.01.0001487,"DIAGNOSTYKA POTENCJALNEGO DAWCY I POBRANIE  OBU NEREK W PRZYPADKU POBRANIA WIELONARZĄDOWEGO (NERKI I INNY NARZĄD, POZA TRZUSTKĄ)",1c
5.53.01.0001488,"DIAGNOSTYKA POTENCJALNEGO DAWCY I POBRANIE OBU NEREK  W PRZYPADKU POBRANIA WIELONARZĄDOWEGO (NERKI I  DWA INNE NARZĄDY, POZA TRZUSTKĄ)",1c
5.53.01.0001493,"DIAGNOSTYKA POTENCJALNEGO DAWCY I POBRANIE OBU NEREK I TRZUSTKI  W PRZYPADKU POBRANIA WIELONARZĄDOWEGO (NERKI, TRZUSTKA I TRZY LUB WIĘCEJ INNYCH NARZĄDÓW)",1c
5.53.01.0001492,DIAGNOSTYKA POTENCJALNEGO DAWCY I POBRANIE OBU NEREK I TRZUSTKI W PRZYPADKU POBRANIA WIELONARZĄDOWEGO (NERKI TRZUSTKA I DWA  INNE NARZĄDY),1c
5.53.01.0001491,"DIAGNOSTYKA POTENCJALNEGO DAWCY I POBRANIE OBU NEREK I TRZUSTKI W PRZYPADKU POBRANIA WIELONARZĄDOWEGO (NERKI, TRZUSTKA I INNY NARZĄD)",1c
5.53.01.0001489,"DIAGNOSTYKA POTENCJALNEGO DAWCY I POBRANIE OBU NEREK W PRZYPADKU POBRANIA WIELONARZĄDOWEGO (NERKI I TRZY LUB WIĘCEJ INNYCH NARZĄDÓW,  POZA TRZUSTKĄ)",1c
5.53.01.0001486,DIAGNOSTYKA POTENCJALNEGO DAWCY I POBRANIE WYŁĄCZNIE OBU  NEREK,1c
5.53.01.0001483,DIAGNOSTYKA POTENCJALNEGO DAWCY NARZĄDÓW BEZ  POBRANIA - KATEGORIA I,1c
5.53.01.0001479,DIALIZA WĄTROBOWA,1c
5.53.01.0001502,FFR/IVUS TĘTNIC WIEŃCOWYCH,1c
5.53.01.0001524,FILTROWANIE DAWKI TERAPEUTYCZNEJ KRWI LUB JEJ SKŁADNIKÓW.,1c
5.53.01.0001523,FILTROWANIE JEDNOSTKI KRWI LUB JEJ SKŁADNIKÓW.,1c
5.53.01.0001474,HIPERTERMIA W CZASIE RADIOTERAPII,1c
5.53.01.0001509,HIPOTERMIA LECZNICZA,1c
5.53.01.0000035,IMPLANTACJA PORTU NACZYNIOWEGO,1c
5.53.01.0001470,INFEKCYJNE ZAPALENIE WSIERDZIA U CHORYCH OPEROWANYCH KARDIOCHIRURGICZNIE,1c
5.53.01.0001478,INTENSYWNA HEMODIALIZA,1c
5.53.01.0001519,KARENCJA SKŁADNIKA KRWI.,1c
5.53.01.0001468,KOMPLETNE ŻYWIENIE POZAJELITOWE,1c
5.53.01.0001528,"KONSULTACJA W ZAKRESIE KWALIFIKACJI DO WYKONANIA ZNIECZULENIA DO ZABIEGU OPERACYJNEGO, DIAGNOSTYCZNEGO LUB LECZNICZEGO.",1c
5.53.01.0001647,KOSZT LEKU TROMBOLITYCZNEGO NIE ZAWARTY W KOSZTACH ŚWIADCZENIA,1c
5.53.01.0001649,KOSZT POBYTU PRZEDSTAWICIELA USTAWOWEGO ALBO OPIEKUNA FAKTYCZNEGO PRZY PACJENCIE MAŁOLETNIM LUB POSIADAJĄCYM ORZECZENIE O ZNACZNYM STOPNIU NIEPEŁNOSPRAWNOŚCI,1c
5.53.01.0001529,KOSZT ROGÓWKI NIE ZAWARTY W KOSZTACH ŚWIADCZENIA,1c
5.53.01.0001510,KOSZTY DODATKOWE ZNIECZULENIA ZEWNĄTRZOPONOWEGO CIĄGŁEGO DO PORODU NIE ZAWARTE W WARTOŚCI JGP,1c
5.53.01.0001646,"KOSZTY DONACJI KOMÓREK, TKANEK LUB NARZĄDÓW OD DAWCY (OBYWATELA OBCEGO KRAJU) NA RZECZ POLSKIEGO BIORCY",1c
5.53.01.0001466,LDL-AFEREZA,1c
5.53.01.0001401,LECZENIE PRZETOCZENIAMI IMMUNOGLOBULIN,1c
5.53.01.0003019,LECZENIE W OAIIT DLA DOROSŁYCH - OCENA WG SKALI TISS - 28 - 19 PKT,1c
5.53.01.0003020,LECZENIE W OAIIT DLA DOROSŁYCH - OCENA WG SKALI TISS - 28 - 20 PKT,1c
5.53.01.0003021,LECZENIE W OAIIT DLA DOROSŁYCH - OCENA WG SKALI TISS - 28 - 21 PKT,1c
5.53.01.0003022,LECZENIE W OAIIT DLA DOROSŁYCH - OCENA WG SKALI TISS - 28 - 22 PKT,1c
5.53.01.0003023,LECZENIE W OAIIT DLA DOROSŁYCH - OCENA WG SKALI TISS - 28 - 23 PKT,1c
5.53.01.0003024,LECZENIE W OAIIT DLA DOROSŁYCH - OCENA WG SKALI TISS - 28 - 24 PKT,1c
5.53.01.0003025,LECZENIE W OAIIT DLA DOROSŁYCH - OCENA WG SKALI TISS - 28 - 25 PKT,1c
5.53.01.0003026,LECZENIE W OAIIT DLA DOROSŁYCH - OCENA WG SKALI TISS - 28 - 26 PKT,1c
5.53.01.0003027,LECZENIE W OAIIT DLA DOROSŁYCH - OCENA WG SKALI TISS - 28 - 27 PKT,1c
5.53.01.0003028,LECZENIE W OAIIT DLA DOROSŁYCH - OCENA WG SKALI TISS - 28 - 28 PKT,1c
5.53.01.0003029,LECZENIE W OAIIT DLA DOROSŁYCH - OCENA WG SKALI TISS - 28 - 29 PKT,1c
5.53.01.0003030,LECZENIE W OAIIT DLA DOROSŁYCH - OCENA WG SKALI TISS - 28 - 30 PKT,1c
5.53.01.0003031,LECZENIE W OAIIT DLA DOROSŁYCH - OCENA WG SKALI TISS - 28 - 31 PKT,1c
5.53.01.0003032,LECZENIE W OAIIT DLA DOROSŁYCH - OCENA WG SKALI TISS - 28 - 32 PKT,1c
5.53.01.0003033,LECZENIE W OAIIT DLA DOROSŁYCH - OCENA WG SKALI TISS - 28 - 33 PKT,1c
5.53.01.0003034,LECZENIE W OAIIT DLA DOROSŁYCH - OCENA WG SKALI TISS - 28 - 34 PKT,1c
5.53.01.0003035,LECZENIE W OAIIT DLA DOROSŁYCH - OCENA WG SKALI TISS - 28 - 35 PKT,1c
5.53.01.0003036,LECZENIE W OAIIT DLA DOROSŁYCH - OCENA WG SKALI TISS - 28 - 36 PKT,1c
5.53.01.0003037,LECZENIE W OAIIT DLA DOROSŁYCH - OCENA WG SKALI TISS - 28 - 37 PKT,1c
5.53.01.0003038,LECZENIE W OAIIT DLA DOROSŁYCH - OCENA WG SKALI TISS - 28 - 38 PKT,1c
5.53.01.0003039,LECZENIE W OAIIT DLA DOROSŁYCH - OCENA WG SKALI TISS - 28 - 39 PKT,1c
5.53.01.0003040,LECZENIE W OAIIT DLA DOROSŁYCH - OCENA WG SKALI TISS - 28 - 40 PKT,1c
5.53.01.0003041,LECZENIE W OAIIT DLA DOROSŁYCH - OCENA WG SKALI TISS - 28 - 41 PKT,1c
5.53.01.0003042,LECZENIE W OAIIT DLA DOROSŁYCH - OCENA WG SKALI TISS - 28 - 42 PKT,1c
5.53.01.0003043,LECZENIE W OAIIT DLA DOROSŁYCH - OCENA WG SKALI TISS - 28 - 43 PKT,1c
5.53.01.0003044,LECZENIE W OAIIT DLA DOROSŁYCH - OCENA WG SKALI TISS - 28 - 44 PKT,1c
5.53.01.0003045,LECZENIE W OAIIT DLA DOROSŁYCH - OCENA WG SKALI TISS - 28 - 45 PKT,1c
5.53.01.0003046,LECZENIE W OAIIT DLA DOROSŁYCH - OCENA WG SKALI TISS - 28 - 46 PKT,1c
5.53.01.0003047,LECZENIE W OAIIT DLA DOROSŁYCH - OCENA WG SKALI TISS - 28 - 47 PKT,1c
5.53.01.0003048,LECZENIE W OAIIT DLA DOROSŁYCH - OCENA WG SKALI TISS - 28 - 48 PKT,1c
5.53.01.0003049,LECZENIE W OAIIT DLA DOROSŁYCH - OCENA WG SKALI TISS - 28 - 49 PKT,1c
5.53.01.0003050,LECZENIE W OAIIT DLA DOROSŁYCH - OCENA WG SKALI TISS - 28 - 50 PKT,1c
5.53.01.0003051,LECZENIE W OAIIT DLA DOROSŁYCH - OCENA WG SKALI TISS - 28 - 51 PKT,1c
5.53.01.0003052,LECZENIE W OAIIT DLA DOROSŁYCH - OCENA WG SKALI TISS - 28 - 52 PKT,1c
5.53.01.0003053,LECZENIE W OAIIT DLA DOROSŁYCH - OCENA WG SKALI TISS - 28 - 53 PKT,1c
5.53.01.0003054,LECZENIE W OAIIT DLA DOROSŁYCH - OCENA WG SKALI TISS - 28 - 54 PKT,1c
5.53.01.0003055,LECZENIE W OAIIT DLA DOROSŁYCH - OCENA WG SKALI TISS - 28 - 55 PKT,1c
5.53.01.0003056,LECZENIE W OAIIT DLA DOROSŁYCH - OCENA WG SKALI TISS - 28 - 56 PKT,1c
5.53.01.0003057,LECZENIE W OAIIT DLA DOROSŁYCH - OCENA WG SKALI TISS - 28 - 57 PKT,1c
5.53.01.0003058,LECZENIE W OAIIT DLA DOROSŁYCH - OCENA WG SKALI TISS - 28 - 58 PKT,1c
5.53.01.0003059,LECZENIE W OAIIT DLA DOROSŁYCH - OCENA WG SKALI TISS - 28 - 59 PKT,1c
5.53.01.0003060,LECZENIE W OAIIT DLA DOROSŁYCH - OCENA WG SKALI TISS - 28 - 60 PKT,1c
5.53.01.0003061,LECZENIE W OAIIT DLA DOROSŁYCH - OCENA WG SKALI TISS - 28 - 61 PKT,1c
5.53.01.0003062,LECZENIE W OAIIT DLA DOROSŁYCH - OCENA WG SKALI TISS - 28 - 62 PKT,1c
5.53.01.0003063,LECZENIE W OAIIT DLA DOROSŁYCH - OCENA WG SKALI TISS - 28 - 63 PKT,1c
5.53.01.0003064,LECZENIE W OAIIT DLA DOROSŁYCH - OCENA WG SKALI TISS - 28 - 64 PKT,1c
5.53.01.0003065,LECZENIE W OAIIT DLA DOROSŁYCH - OCENA WG SKALI TISS - 28 - 65 PKT,1c
5.53.01.0003067,LECZENIE W OAIIT DLA DOROSŁYCH - OCENA WG SKALI TISS - 28 - 67 PKT,1c
5.53.01.0004016,LECZENIE W OAIIT DLA DZIECI - OCENA WG SKALI TISS-28 DLA DZIECI - 16 PKT,1c
5.53.01.0004017,LECZENIE W OAIIT DLA DZIECI - OCENA WG SKALI TISS-28 DLA DZIECI - 17 PKT,1c
5.53.01.0004018,LECZENIE W OAIIT DLA DZIECI - OCENA WG SKALI TISS-28 DLA DZIECI - 18 PKT,1c
5.53.01.0004019,LECZENIE W OAIIT DLA DZIECI/ OAIIT DLA DOROSŁYCH II POZIOMU - OCENA WG SKALI TISS-28 ALBO TISS-28 DLA DZIECI - 19 PKT,1c
5.53.01.0004020,LECZENIE W OAIIT DLA DZIECI/ OAIIT DLA DOROSŁYCH II POZIOMU - OCENA WG SKALI TISS-28 ALBO TISS-28 DLA DZIECI - 20 PKT,1c
5.53.01.0004021,LECZENIE W OAIIT DLA DZIECI/ OAIIT DLA DOROSŁYCH II POZIOMU - OCENA WG SKALI TISS-28 ALBO TISS-28 DLA DZIECI - 21 PKT,1c
5.53.01.0004022,LECZENIE W OAIIT DLA DZIECI/ OAIIT DLA DOROSŁYCH II POZIOMU - OCENA WG SKALI TISS-28 ALBO TISS-28 DLA DZIECI - 22 PKT,1c
5.53.01.0004023,LECZENIE W OAIIT DLA DZIECI/ OAIIT DLA DOROSŁYCH II POZIOMU - OCENA WG SKALI TISS-28 ALBO TISS-28 DLA DZIECI - 23 PKT,1c
5.53.01.0004024,LECZENIE W OAIIT DLA DZIECI/ OAIIT DLA DOROSŁYCH II POZIOMU - OCENA WG SKALI TISS-28 ALBO TISS-28 DLA DZIECI - 24 PKT,1c
5.53.01.0004025,LECZENIE W OAIIT DLA DZIECI/ OAIIT DLA DOROSŁYCH II POZIOMU - OCENA WG SKALI TISS-28 ALBO TISS-28 DLA DZIECI - 25 PKT,1c
5.53.01.0004026,LECZENIE W OAIIT DLA DZIECI/ OAIIT DLA DOROSŁYCH II POZIOMU - OCENA WG SKALI TISS-28 ALBO TISS-28 DLA DZIECI - 26 PKT,1c
5.53.01.0004027,LECZENIE W OAIIT DLA DZIECI/ OAIIT DLA DOROSŁYCH II POZIOMU - OCENA WG SKALI TISS-28 ALBO TISS-28 DLA DZIECI - 27 PKT,1c
5.53.01.0004028,LECZENIE W OAIIT DLA DZIECI/ OAIIT DLA DOROSŁYCH II POZIOMU - OCENA WG SKALI TISS-28 ALBO TISS-28 DLA DZIECI - 28 PKT,1c
5.53.01.0004029,LECZENIE W OAIIT DLA DZIECI/ OAIIT DLA DOROSŁYCH II POZIOMU - OCENA WG SKALI TISS-28 ALBO TISS-28 DLA DZIECI - 29 PKT,1c
5.53.01.0004030,LECZENIE W OAIIT DLA DZIECI/ OAIIT DLA DOROSŁYCH II POZIOMU - OCENA WG SKALI TISS-28 ALBO TISS-28 DLA DZIECI - 30 PKT,1c
5.53.01.0004031,LECZENIE W OAIIT DLA DZIECI/ OAIIT DLA DOROSŁYCH II POZIOMU - OCENA WG SKALI TISS-28 ALBO TISS-28 DLA DZIECI - 31 PKT,1c
5.53.01.0004032,LECZENIE W OAIIT DLA DZIECI/ OAIIT DLA DOROSŁYCH II POZIOMU - OCENA WG SKALI TISS-28 ALBO TISS-28 DLA DZIECI - 32 PKT,1c
5.53.01.0004033,LECZENIE W OAIIT DLA DZIECI/ OAIIT DLA DOROSŁYCH II POZIOMU - OCENA WG SKALI TISS-28 ALBO TISS-28 DLA DZIECI - 33 PKT,1c
5.53.01.0004034,LECZENIE W OAIIT DLA DZIECI/ OAIIT DLA DOROSŁYCH II POZIOMU - OCENA WG SKALI TISS-28 ALBO TISS-28 DLA DZIECI - 34 PKT,1c
5.53.01.0004035,LECZENIE W OAIIT DLA DZIECI/ OAIIT DLA DOROSŁYCH II POZIOMU - OCENA WG SKALI TISS-28 ALBO TISS-28 DLA DZIECI - 35 PKT,1c
5.53.01.0004036,LECZENIE W OAIIT DLA DZIECI/ OAIIT DLA DOROSŁYCH II POZIOMU - OCENA WG SKALI TISS-28 ALBO TISS-28 DLA DZIECI - 36 PKT,1c
5.53.01.0004037,LECZENIE W OAIIT DLA DZIECI/ OAIIT DLA DOROSŁYCH II POZIOMU - OCENA WG SKALI TISS-28 ALBO TISS-28 DLA DZIECI - 37 PKT,1c
5.53.01.0004038,LECZENIE W OAIIT DLA DZIECI/ OAIIT DLA DOROSŁYCH II POZIOMU - OCENA WG SKALI TISS-28 ALBO TISS-28 DLA DZIECI - 38 PKT,1c
5.53.01.0004039,LECZENIE W OAIIT DLA DZIECI/ OAIIT DLA DOROSŁYCH II POZIOMU - OCENA WG SKALI TISS-28 ALBO TISS-28 DLA DZIECI - 39 PKT,1c
5.53.01.0004040,LECZENIE W OAIIT DLA DZIECI/ OAIIT DLA DOROSŁYCH II POZIOMU - OCENA WG SKALI TISS-28 ALBO TISS-28 DLA DZIECI - 40 PKT,1c
5.53.01.0004041,LECZENIE W OAIIT DLA DZIECI/ OAIIT DLA DOROSŁYCH II POZIOMU - OCENA WG SKALI TISS-28 ALBO TISS-28 DLA DZIECI - 41 PKT,1c
5.53.01.0004042,LECZENIE W OAIIT DLA DZIECI/ OAIIT DLA DOROSŁYCH II POZIOMU - OCENA WG SKALI TISS-28 ALBO TISS-28 DLA DZIECI - 42 PKT,1c
5.53.01.0004043,LECZENIE W OAIIT DLA DZIECI/ OAIIT DLA DOROSŁYCH II POZIOMU - OCENA WG SKALI TISS-28 ALBO TISS-28 DLA DZIECI - 43 PKT,1c
5.53.01.0004044,LECZENIE W OAIIT DLA DZIECI/ OAIIT DLA DOROSŁYCH II POZIOMU - OCENA WG SKALI TISS-28 ALBO TISS-28 DLA DZIECI - 44 PKT,1c
5.53.01.0004045,LECZENIE W OAIIT DLA DZIECI/ OAIIT DLA DOROSŁYCH II POZIOMU - OCENA WG SKALI TISS-28 ALBO TISS-28 DLA DZIECI - 45 PKT,1c
5.53.01.0004046,LECZENIE W OAIIT DLA DZIECI/ OAIIT DLA DOROSŁYCH II POZIOMU - OCENA WG SKALI TISS-28 ALBO TISS-28 DLA DZIECI - 46 PKT,1c
5.53.01.0004047,LECZENIE W OAIIT DLA DZIECI/ OAIIT DLA DOROSŁYCH II POZIOMU - OCENA WG SKALI TISS-28 ALBO TISS-28 DLA DZIECI - 47 PKT,1c
5.53.01.0004048,LECZENIE W OAIIT DLA DZIECI/ OAIIT DLA DOROSŁYCH II POZIOMU - OCENA WG SKALI TISS-28 ALBO TISS-28 DLA DZIECI - 48 PKT,1c
5.53.01.0004049,LECZENIE W OAIIT DLA DZIECI/ OAIIT DLA DOROSŁYCH II POZIOMU - OCENA WG SKALI TISS-28 ALBO TISS-28 DLA DZIECI - 49 PKT,1c
5.53.01.0004050,LECZENIE W OAIIT DLA DZIECI/ OAIIT DLA DOROSŁYCH II POZIOMU - OCENA WG SKALI TISS-28 ALBO TISS-28 DLA DZIECI - 50 PKT,1c
5.53.01.0004051,LECZENIE W OAIIT DLA DZIECI/ OAIIT DLA DOROSŁYCH II POZIOMU - OCENA WG SKALI TISS-28 ALBO TISS-28 DLA DZIECI - 51 PKT,1c
5.53.01.0004052,LECZENIE W OAIIT DLA DZIECI/ OAIIT DLA DOROSŁYCH II POZIOMU - OCENA WG SKALI TISS-28 ALBO TISS-28 DLA DZIECI - 52 PKT,1c
5.53.01.0004053,LECZENIE W OAIIT DLA DZIECI/ OAIIT DLA DOROSŁYCH II POZIOMU - OCENA WG SKALI TISS-28 ALBO TISS-28 DLA DZIECI - 53 PKT,1c
5.53.01.0004054,LECZENIE W OAIIT DLA DZIECI/ OAIIT DLA DOROSŁYCH II POZIOMU - OCENA WG SKALI TISS-28 ALBO TISS-28 DLA DZIECI - 54 PKT,1c
5.53.01.0004055,LECZENIE W OAIIT DLA DZIECI/ OAIIT DLA DOROSŁYCH II POZIOMU - OCENA WG SKALI TISS-28 ALBO TISS-28 DLA DZIECI - 55 PKT,1c
5.53.01.0004056,LECZENIE W OAIIT DLA DZIECI/ OAIIT DLA DOROSŁYCH II POZIOMU - OCENA WG SKALI TISS-28 ALBO TISS-28 DLA DZIECI - 56 PKT,1c
5.53.01.0004057,LECZENIE W OAIIT DLA DZIECI/ OAIIT DLA DOROSŁYCH II POZIOMU - OCENA WG SKALI TISS-28 ALBO TISS-28 DLA DZIECI - 57 PKT,1c
5.53.01.0004058,LECZENIE W OAIIT DLA DZIECI/ OAIIT DLA DOROSŁYCH II POZIOMU - OCENA WG SKALI TISS-28 ALBO TISS-28 DLA DZIECI - 58 PKT,1c
5.53.01.0004059,LECZENIE W OAIIT DLA DZIECI/ OAIIT DLA DOROSŁYCH II POZIOMU - OCENA WG SKALI TISS-28 ALBO TISS-28 DLA DZIECI - 59 PKT,1c
5.53.01.0004060,LECZENIE W OAIIT DLA DZIECI/ OAIIT DLA DOROSŁYCH II POZIOMU - OCENA WG SKALI TISS-28 ALBO TISS-28 DLA DZIECI - 60 PKT,1c
5.53.01.0004061,LECZENIE W OAIIT DLA DZIECI/ OAIIT DLA DOROSŁYCH II POZIOMU - OCENA WG SKALI TISS-28 ALBO TISS-28 DLA DZIECI - 61 PKT,1c
5.53.01.0004062,LECZENIE W OAIIT DLA DZIECI/ OAIIT DLA DOROSŁYCH II POZIOMU - OCENA WG SKALI TISS-28 ALBO TISS-28 DLA DZIECI - 62 PKT,1c
5.53.01.0004063,LECZENIE W OAIIT DLA DZIECI/ OAIIT DLA DOROSŁYCH II POZIOMU - OCENA WG SKALI TISS-28 ALBO TISS-28 DLA DZIECI - 63 PKT,1c
5.53.01.0004064,LECZENIE W OAIIT DLA DZIECI/ OAIIT DLA DOROSŁYCH II POZIOMU - OCENA WG SKALI TISS-28 ALBO TISS-28 DLA DZIECI - 64 PKT,1c
5.53.01.0001001,LECZENIE ZDARZEŃ NIEPOŻĄDANYCH PO TELERADIOTERAPII-3 STOPIEŃ,1c
5.53.01.0001002,LECZENIE ZDARZEŃ NIEPOŻĄDANYCH PO TELERADIOTERAPII-4 STOPIEŃ,1c
5.53.01.0001469,LECZENIE ŚWIEŻEGO ZAWAŁU SERCA Z ZASTOSOWANIEM ANTAGONISTY RECEPTORA DLA GLIKOPROTEINY IIB/IIIA U CHOREGO PODDANEGO ANGIOPLASTYCE WIEŃCOWEJ,1c
5.53.01.0001522,NAPROMIENIOWANIE KRWI LUB JEJ SKŁADNIKÓW.,1c
5.53.01.0001498,NIETYPOWE ODPROWADZENIE MOCZU U PACJENTÓW Z PRZESZCZEPIENIEM NERKI,1c
5.53.01.0001494,OPARZENIE DRÓG ODDECHOWYCH,1c
5.53.01.0005010,OPIEKA PSYCHOLOGICZNA,1c
5.53.01.0005005,OSTRA LUB ZDEKOMPENSOWANA NIEWYDOLNOŚĆ KRĄŻENIA - LECZENIE W OINK,1c
5.53.01.0000120,OTWARCIE JAMY OTRZEWNOWEJ W OSTRYM ZAPALENIU TRZUSTKI - RELAPAROTOMIA,1c
5.53.01.0001000,PLAN LECZENIA ONKOLOGICZNEGO,1c
5.53.01.0000938,PLAZMAFEREZA LECZNICZA,1c
5.53.01.0000939,POBRANIE I PRZETOCZENIE LIMFOCYTÓW DAWCY (DLI),1c
5.53.01.0000013,PODANIE IMMUNOGLOBULINY ANTY-RHD PACJENTCE RHD-UJEMNEJ,1c
5.53.01.0005001,PODSTAWOWE BADANIE GENETYCZNE W CHOROBACH NOWOTWOROWYCH,1c
5.53.01.0001526,PODZIAŁ KRWI LUB JEJ SKŁADNIKÓW.,1c
5.53.01.0001436,PRODUKT LECZNICZY NIE ZAWARTY W KOSZTACH ŚWIADCZENIA,1c
5.53.01.0000012,PRODUKT LECZNICZY W RAMACH RATUNKOWEGO DOSTĘPU DO TECHNOLOGII LEKOWEJ,1c
5.53.01.0001496,PRZECIWCIAŁA MONOKLONALNE LUB POLIKLONALNE W PRZESZCZEPIENIU NERKI U PACJENTA WYSOKO IMMUNIZOWANEGO,1c
5.53.01.0000708,PRZEDŁUŻONA HOSPITALIZACJA MATKI KARMIĄCEJ PIERSIĄ Z POWODU STANU ZDROWIA DZIECKA - OD 5 DOBY OD PORODU,1c
5.53.01.0001525,PRZEMYWANIE KRWI LUB JEJ SKŁADNIKÓW.,1c
5.53.01.0001319,PRZESZCZEPY KOSTNE ALLOGENICZNE STERYLIZOWANE RADIACYJNIE,1c
5.53.01.0001481,PRZETOCZENIE IMMUNOGLOBULINY ANTY HBS,1c
5.53.01.0000941,PRZETOCZENIE KONCENTRATU GRANULOCYTARNEGO Z AFEREZY,1c
5.53.01.0001516,PRZETOCZENIE KONCENTRATU GRANULOCYTARNEGO.,1c
5.53.01.0001501,PRZETOCZENIE KONCENTRATU KOMÓREK PŁYTKOWYCH Z AFEREZY PO REDUKCJI BIOLOGICZNYCH CZYNNIKÓW CHOROBOTWÓRCZYCH,1c
5.53.01.0000940,PRZETOCZENIE KONCENTRATU KRWINEK CZERWONYCH,1c
5.53.01.0001505,PRZETOCZENIE KONCENTRATU KRWINEK CZERWONYCH Z AFEREZY,1c
5.53.01.0001513,PRZETOCZENIE KONCENTRATU KRWINEK CZERWONYCH Z AFEREZY.,1c
5.53.01.0001512,PRZETOCZENIE KONCENTRATU KRWINEK CZERWONYCH Z KRWI PEŁNEJ.,1c
5.53.01.0000943,PRZETOCZENIE KONCENTRATU KRWINEK PŁYTKOWYCH Z KRWI PEŁNEJ,1c
5.53.01.0001514,PRZETOCZENIE KONCENTRATU KRWINEK PŁYTKOWYCH Z KRWI PEŁNEJ.,1c
5.53.01.0000942,PRZETOCZENIE KONCENTRATU/UBOGOLEUKOCYTARNEGO KONCENTRATU KRWINEK PŁYTKOWYCH Z AFEREZY,1c
5.53.01.0001506,PRZETOCZENIE KRIOPRECYPITATU,1c
5.53.01.0000008,PRZETOCZENIE KRIOPRECYPITATU PO KARENCJI,1c
5.53.01.0001518,PRZETOCZENIE KRIOPRECYPITATU.,1c
5.53.01.0001511,PRZETOCZENIE KRWI PEŁNEJ KONSERWOWANEJ.,1c
5.53.01.0000003,PRZETOCZENIE LIMFOCYTÓW DAWCY (DLI),1c
5.53.01.0001373,PRZETOCZENIE NAPROMIENIANEGO I FILTROWANEGO KKCZ,1c
5.53.01.0001374,PRZETOCZENIE NAPROMIENIANEGO I FILTROWANEGO KONCENTRATU KRWINEK PŁYTKOWYCH,1c
5.53.01.0001507,PRZETOCZENIE NAPROMIENIANEGO KONCENTRATU KRWINEK CZERWONYCH,1c
5.53.01.0001322,PRZETOCZENIE OSOCZA,1c
5.53.01.0000005,PRZETOCZENIE OSOCZA PO KARENCJI,1c
5.53.01.0001495,PRZETOCZENIE OSOCZA PO REDUKCJI BIOLOGICZNYCH CZYNNIKÓW CHOROBOTWÓRCZYCH,1c
5.53.01.0001517,PRZETOCZENIE OSOCZA ŚWIEŻO MROŻONEGO.,1c
5.53.01.0001455,PRZETOCZENIE UBOGOLEUKOCYTARNEGO  KONCENTRATU KRWINEK CZERWONYCH,1c
5.53.01.0001456,PRZETOCZENIE UBOGOLEUKOCYTARNEGO  KONCENTRATU KRWINEK PŁYTKOWYCH Z KRWI PEŁNEJ,1c
5.53.01.0001515,PRZETOCZENIE UBOGOLEUKOCYTARNEGO KONCENTRATU KRWINEK PŁYTKOWYCH Z AFEREZY.,1c
5.53.01.0001520,REDUKCJA BIOLOGICZNYCH CZYNNIKÓW CHOROBOTWÓRCZYCH OSOCZA ŚWIEŻO MROŻONEGO.,1c
5.53.01.0001521,REDUKCJA BIOLOGICZNYCH CZYNNIKÓW CHOROBOTWÓRCZYCH.,1c
5.53.01.0001527,REKONSTYTUCJA KRWI LUB JEJ SKŁADNIKÓW.,1c
5.53.01.0001645,RELAPAROTOMIA Z POWODU POWIKŁAŃ W OSTRYM ZAPALENIU TRZUSTKI,1c
5.53.01.0005006,TERAPIA WEWNĄTRZMACICZNA - 1 KATEGORIA,1c
5.53.01.0001503,USUNIĘCIE PRZEZŻYLNE ELEKTROD,1c
5.53.01.0001504,USUNIĘCIE PRZEZŻYLNE ELEKTROD W PRZYPADKU POWIKŁAŃ,1c
5.53.01.0000502,WSPOMAGANIE KRĄŻENIA PRZY  UŻYCIU BALONU,1c
5.53.01.0001368,WSPOMAGANIE SERCA  LUB PŁUC - ECMO,1c
5.53.01.0001367,WSPOMAGANIE SERCA U DOROSŁYCH - BIOPOMPA,1c
5.53.01.0001435,WYRÓB MEDYCZNY NIE ZAWARTY W KOSZTACH ŚWIADCZENIA,1c
5.53.01.0001650,WYRÓB MEDYCZNY STOSOWANY W LECZENIU PĘCHERZOWEGO ODDZIELANIA NASKÓRKA,1c
5.53.01.0001445,"WYTWORZENIE STAŁEGO DOSTĘPU NACZYNIOWEGO Z UŻYCIEM CEWNIKA TYPU BROVIAC, HICKMAN LUB GROSHONG",1c
5.53.01.0000007,WYTWORZENIE STAŁEGO DOSTĘPU NACZYNIOWEGO Z WYTWORZENIEM TUNELU PODSKÓRNEGO PRZEZNACZONEGO DO UŻYTKU DŁUGOTERMINOWEGO,1c
5.53.01.0005003,ZAAWANSOWANE BADANIE GENETYCZNE W CHOROBACH NOWOTWOROWYCH,1c
5.53.01.0001648,ZABIEG CHIRURGICZNY U NOWORODKA,1c
5.53.01.0001473,ZNIECZULENIE OGÓLNE LUB DOŻYLNE U DZIECKA,1c
5.53.01.0005002,ZŁOŻONE BADANIE GENETYCZNE W CHOROBACH NOWOTWOROWYCH,1c
5.53.01.0000006,ŻYWIENIE DOJELITOWE,1c
5.53.01.0000002,ŻYWIENIE DOJELITOWE MLEKIEM MODYFIKOWANYM,1c
5.53.01.0000001,ŻYWIENIE DOJELITOWE MLEKIEM Z BANKU MLEKA KOBIECEGO LUB ODCIĄGNIĘTYM MLEKIEM MATKI,1c
5.53.01.0001434,ŻYWIENIE POZAJELITOWE IMMUNOMODULUJĄCE,1c
5.07.01.0000028,BRACHYTERAPIA GUZA WEWNĄTRZGAŁKOWEGO 106 RU,1d
5.07.01.0000027,BRACHYTERAPIA GUZA WEWNĄTRZGAŁKOWEGO 125 I,1d
5.07.01.0000042,BRACHYTERAPIA Z PLANOWANIEM 3D,1d
5.07.01.0000052,BRACHYTERAPIA Z PLANOWANIEM 3D ZE WSZCZEPIENIEM STAŁYCH ŹRÓDEŁ IZOTOPOWYCH,1d
5.07.01.0000025,BRACHYTERAPIA Z PLANOWANIEM STANDARDOWYM,1d
5.07.01.0000035,LECZENIE JODEM RADIOAKTYWNYM RAKA TARCZYCY DAWKAMI POWYŻEJ 1000 MBQ (PODANIE 131 I META-JODO-BENZYL-GUANIDYNY),1d
5.07.01.0000034,LECZENIE JODEM RADIOAKTYWNYM RAKA TARCZYCY DAWKAMI POWYŻEJ 1000 MBQ (PODANIE 131 I),1d
5.07.01.0000036,"LECZENIE JODEM RADIOAKTYWNYM RAKA TARCZYCY DAWKAMI POWYŻEJ 1000 MBQ, BADANIE KONTROLNE",1d
5.07.01.0000033,"LECZENIE JODEM RADIOAKTYWNYM RAKA TARCZYCY DAWKAMI POWYŻEJ 1000 MBQ, BADANIE KWALIFIKACYJNE",1d
5.07.01.0000030,LECZENIE PRZECIWBÓLOWE RADIOIZOTOPAMI ZMIAN PRZERZUTOWACH DO KOŚCI 89 SR,1d
5.07.01.0000032,LECZENIE PRZECIWBÓLOWE RADIOIZOTOPAMI ZMIAN PRZERZUTOWYCH DO KOŚCI - 153 SM,1d
5.07.01.0000031,LECZENIE RADIOIZOTOPOWE INNYCH SCHORZEŃ ONKOLOGICZNYCH Z ZASTOSOWANIEM 131 I - META-JODO-BENZYL-GUANIDYNY,1d
5.07.01.0000047,LECZENIE ZNAKOWANYMI RADIOIZOTOPOWO ANALOGAMI SOMATOSTATYNY NIEOPERACYJNYCH GUZÓW NEUROENDOKRYLNYCH - DOTATATE ZNAKOWANE LU 177 7400 MBQ,1d
5.07.01.0000045,LECZENIE ZNAKOWANYMI RADIOIZOTOPOWO ANALOGAMI SOMATOSTATYNY NIEOPERACYJNYCH GUZÓW NEUROENDOKRYLNYCH - DOTATATE ZNAKOWANE Y90 I LU177 - 1850/1850 MBQ,1d
5.07.01.0000043,LECZENIE ZNAKOWANYMI RADIOIZOTOPOWO ANALOGAMI SOMATOSTATYNY NIEOPERACYJNYCH GUZÓW NEUROENDOKRYNNYCH - DOTATATE ZNAKOWANE Y 90 - 2960 - 3700 MBQ,1d
5.07.01.0000053,PLANOWANIE LECZENIA RADIOTERAPII PROTONOWEJ (DOTYCZY DOROSŁYCH),1d
5.07.01.0000054,PLANOWANIE LECZENIA RADIOTERAPII PROTONOWEJ NOWOTWORÓW WIEKU DZIECIĘCEGO,1d
5.07.01.0000055,RADIOTERAPIA PROTONOWA NOWOTWORÓW ZLOKALIZOWANYCH POZA NARZĄDEM WZROKU,1d
5.07.01.0000011,TELERADIOTERAPIA,1d
5.07.01.0000013,TELERADIOTERAPIA 3D - NIEKOPLANARNA Z MONITORINGIEM TOMOGRAFICZNYM (3D-CRT) LUB CAŁEGO CIAŁA (TBI) LUB POŁOWY CIAŁA (HBI) LUB SKÓRY CAŁEGO CIAŁA (TSI),1d
5.07.01.0000012,TELERADIOTERAPIA 3D Z MODULACJĄ INTENSYWNOŚCI  DAWKI,1d
5.07.01.0000014,TELERADIOTERAPIA 3D ŚRÓDOPERACYJNA (3D-IORT),1d
5.07.01.0000021,TELERADIOTERAPIA PALIATYWNA,1d
5.07.01.0000022,TELERADIOTERAPIA RADYKALNA Z PLANOWANIEM DWUWYMIAROWYM (2D),1d
5.07.01.0000023,TELERADIOTERAPIA RADYKALNA Z PLANOWANIEM TRÓJWYMIAROWYM (3D),1d
5.07.01.0000056,TELERADIOTERAPIA STEREOTAKTYCZNA,1d
5.07.01.0000048,ZAKWATEROWANIE DO TELERADIOTERAPII/PROTONOTERAPII,1d
03.4659.033.02,ABLACJA WIDEOTORAKOSKOPOWA,1w
03.4604.033.02,KARDIOLOGICZNE ZABIEGI INTERWENCYJNE<18 LAT,1w
03.4601.033.02,OPERACJE WAD SERCA I AORTY PIERSIOWEJ >=18 LAT,1w
03.4602.033.02,OPERACJE WAD SERCA I AORTY PIERSIOWEJ< 18 LAT,1w
03.4657.033.02,OPERACJE WAD WRODZONYCH SERCA I NACZYŃ <1 ROKU,1w
03.4661.033.02,PRZESZCZEPIENIE KOMÓREK PRZYTARCZYC,1w
03.4662.033.02,PRZESZCZEPIENIE PŁUCA,1w
03.4654.033.02,PRZESZCZEPIENIE WĄTROBY,1w
03.4656.033.02,PRZESZCZEPIENIE/WSPOMAGANIE SERCA,1w
03.4605.033.02,PRZEZCEWNIKOWA NIEOPERACYJNA NAPRAWA ZASTAWKI MITRALNEJ,1w
03.4603.033.02,WSZCZEPIANIE ZASTAWEK SERCA,1w
